ARID1A_BEAS2B_sgRNA_readcounts.xlsx	https://data.mendeley.com/public-files/datasets/k6wm46g4tw/files/8818c0e3-5795-4ade-acc8-f429b96d3116/file_downloaded
CCNE1_FT282_sgRNA_readcounts.xlsx	https://data.mendeley.com/public-files/datasets/k6wm46g4tw/files/78d8fe12-5bd3-4bb2-8ba4-2749b3f6f9ff/file_downloaded
CDK12_RPE1_sgRNA_readcounts.xlsx	https://data.mendeley.com/public-files/datasets/k6wm46g4tw/files/9bfcb339-a860-47f8-88a8-b370f5a429bb/file_downloaded
Chr13q_FT282_sgRNA_readcounts.xlsx	https://data.mendeley.com/public-files/datasets/k6wm46g4tw/files/15ef1e20-6640-4d15-b1b8-7388177e2762/file_downloaded
Chr18q_RPE1_sgRNA_readcounts.xlsx	https://data.mendeley.com/public-files/datasets/k6wm46g4tw/files/379a2278-537b-45ae-b142-e80f09f458ea/file_downloaded
DNMT3A_K562_sgRNA_readcounts.xlsx	https://data.mendeley.com/public-files/datasets/k6wm46g4tw/files/ecb34553-e21a-4ba5-a49b-4b73cbe37b52/file_downloaded
FBXW7_RPE1_sgRNA_readcounts.xlsx	https://data.mendeley.com/public-files/datasets/k6wm46g4tw/files/05826a00-cbb7-4386-affd-19685e704cfc/file_downloaded
IDH1_RPE1_sgRNA_readcounts.xlsx	https://data.mendeley.com/public-files/datasets/k6wm46g4tw/files/9e4c043f-c7b2-4d0f-a7c9-f8ff07641282/file_downloaded
KEAP1_A549_sgRNA_readcounts.xlsx	https://data.mendeley.com/public-files/datasets/k6wm46g4tw/files/830ea289-8ac7-474e-84c8-fbff325a39b8/file_downloaded
KMT2D_BEAS2B_sgRNA_readcounts.xlsx	https://data.mendeley.com/public-files/datasets/k6wm46g4tw/files/b69324af-0837-4674-8087-8f497a2fff67/file_downloaded
PKMYT1i_COLhTERT_sgRNA_readcounts.xlsx	https://data.mendeley.com/public-files/datasets/k6wm46g4tw/files/35b5b825-c4e8-43ed-806c-2784d6179703/file_downloaded
PKMYT1i_DLD1_FNLS_FBXW7_sgRNA_readcounts.xlsx	https://data.mendeley.com/public-files/datasets/k6wm46g4tw/files/ee0143fe-121b-4c35-be0f-591859cc5d3e/file_downloaded
SF3B1_K562_sgRNA_readcounts.xlsx	https://data.mendeley.com/public-files/datasets/k6wm46g4tw/files/25a450fd-4f7f-439f-91bf-ba37efd9f627/file_downloaded
SRSF2_K562_sgRNA_readcounts.xlsx	https://data.mendeley.com/public-files/datasets/k6wm46g4tw/files/9b385709-a5ef-46bb-b924-b2166c5b27a2/file_downloaded
STK11_RPE1_sgRNA_readcounts.xlsx	https://data.mendeley.com/public-files/datasets/k6wm46g4tw/files/cbd17d2c-ed22-4517-932e-3cedf8fedc19/file_downloaded
TET2_RPE1_sgRNA_readcounts.xlsx	https://data.mendeley.com/public-files/datasets/k6wm46g4tw/files/37230ccc-6851-4913-8fae-c70426892f47/file_downloaded
U2AF1_K562_sgRNA_readcounts.xlsx	https://data.mendeley.com/public-files/datasets/k6wm46g4tw/files/6daf1fef-f232-440d-a19b-77ded716cb3e/file_downloaded
