41467_2022_30196_MOESM10_ESM.xlsx	https://static-content.springer.com/esm/art%3A10.1038%2Fs41467-022-30196-9/MediaObjects/41467_2022_30196_MOESM10_ESM.xlsx
41467_2022_30196_MOESM11_ESM.xlsx	https://static-content.springer.com/esm/art%3A10.1038%2Fs41467-022-30196-9/MediaObjects/41467_2022_30196_MOESM11_ESM.xlsx
41467_2022_30196_MOESM12_ESM.xlsx	https://static-content.springer.com/esm/art%3A10.1038%2Fs41467-022-30196-9/MediaObjects/41467_2022_30196_MOESM12_ESM.xlsx
41467_2022_30196_MOESM13_ESM.xlsx	https://static-content.springer.com/esm/art%3A10.1038%2Fs41467-022-30196-9/MediaObjects/41467_2022_30196_MOESM13_ESM.xlsx
41467_2022_30196_MOESM14_ESM.xlsx	https://static-content.springer.com/esm/art%3A10.1038%2Fs41467-022-30196-9/MediaObjects/41467_2022_30196_MOESM14_ESM.xlsx
41467_2022_30196_MOESM4_ESM.xlsx	https://static-content.springer.com/esm/art%3A10.1038%2Fs41467-022-30196-9/MediaObjects/41467_2022_30196_MOESM4_ESM.xlsx
41467_2022_30196_MOESM5_ESM.xlsx	https://static-content.springer.com/esm/art%3A10.1038%2Fs41467-022-30196-9/MediaObjects/41467_2022_30196_MOESM5_ESM.xlsx
41467_2022_30196_MOESM6_ESM.xlsx	https://static-content.springer.com/esm/art%3A10.1038%2Fs41467-022-30196-9/MediaObjects/41467_2022_30196_MOESM6_ESM.xlsx
41467_2022_30196_MOESM7_ESM.xlsx	https://static-content.springer.com/esm/art%3A10.1038%2Fs41467-022-30196-9/MediaObjects/41467_2022_30196_MOESM7_ESM.xlsx
41467_2022_30196_MOESM8_ESM.xlsx	https://static-content.springer.com/esm/art%3A10.1038%2Fs41467-022-30196-9/MediaObjects/41467_2022_30196_MOESM8_ESM.xlsx
41467_2022_30196_MOESM9_ESM.xlsx	https://static-content.springer.com/esm/art%3A10.1038%2Fs41467-022-30196-9/MediaObjects/41467_2022_30196_MOESM9_ESM.xlsx
Raw_Data.zip	https://ndownloader.figshare.com/files/34762738
