44320_2025_105_MOESM2_ESM.xlsx	https://static-content.springer.com/esm/art%3A10.1038%2Fs44320-025-00105-5/MediaObjects/44320_2025_105_MOESM2_ESM.xlsx
44320_2025_105_MOESM4_ESM.xlsx	https://static-content.springer.com/esm/art%3A10.1038%2Fs44320-025-00105-5/MediaObjects/44320_2025_105_MOESM4_ESM.xlsx
44320_2025_105_MOESM5_ESM.xlsx	https://static-content.springer.com/esm/art%3A10.1038%2Fs44320-025-00105-5/MediaObjects/44320_2025_105_MOESM5_ESM.xlsx
44320_2025_105_MOESM6_ESM.xlsx	https://static-content.springer.com/esm/art%3A10.1038%2Fs44320-025-00105-5/MediaObjects/44320_2025_105_MOESM6_ESM.xlsx
44320_2025_105_MOESM7_ESM.xlsx	https://static-content.springer.com/esm/art%3A10.1038%2Fs44320-025-00105-5/MediaObjects/44320_2025_105_MOESM7_ESM.xlsx
44320_2025_105_MOESM8_ESM.xlsx	https://static-content.springer.com/esm/art%3A10.1038%2Fs44320-025-00105-5/MediaObjects/44320_2025_105_MOESM8_ESM.xlsx
44320_2025_105_MOESM9_ESM.xlsx	https://static-content.springer.com/esm/art%3A10.1038%2Fs44320-025-00105-5/MediaObjects/44320_2025_105_MOESM9_ESM.xlsx
GSE269905_Cas12a-SLCxSLC_lib1_sgRNAs_.txt.gz	https://ftp.ncbi.nlm.nih.gov/geo/series/GSE269nnn/GSE269905/suppl/GSE269905_Cas12a-SLCxSLC_lib1_sgRNAs_.txt.gz
GSE269905_Cas12a-SLCxSLC_lib2_sgRNAs.txt.gz	https://ftp.ncbi.nlm.nih.gov/geo/series/GSE269nnn/GSE269905/suppl/GSE269905_Cas12a-SLCxSLC_lib2_sgRNAs.txt.gz
GSE269905_Cas12a-SLCxSLC_lib3_sgRNAs.txt.gz	https://ftp.ncbi.nlm.nih.gov/geo/series/GSE269nnn/GSE269905/suppl/GSE269905_Cas12a-SLCxSLC_lib3_sgRNAs.txt.gz
GSE269905_Cas12a-SLCxSLC_lib4_sgRNAs.txt.gz	https://ftp.ncbi.nlm.nih.gov/geo/series/GSE269nnn/GSE269905/suppl/GSE269905_Cas12a-SLCxSLC_lib4_sgRNAs.txt.gz
GSE269905_Cas12a-SLCxSLC_sublib1_counts.txt.gz	https://ftp.ncbi.nlm.nih.gov/geo/series/GSE269nnn/GSE269905/suppl/GSE269905_Cas12a-SLCxSLC_sublib1_counts.txt.gz
GSE269905_Cas12a-SLCxSLC_sublib2_counts.txt.gz	https://ftp.ncbi.nlm.nih.gov/geo/series/GSE269nnn/GSE269905/suppl/GSE269905_Cas12a-SLCxSLC_sublib2_counts.txt.gz
GSE269905_Cas12a-SLCxSLC_sublib3_4_counts.txt.gz	https://ftp.ncbi.nlm.nih.gov/geo/series/GSE269nnn/GSE269905/suppl/GSE269905_Cas12a-SLCxSLC_sublib3_4_counts.txt.gz
GSE269905_Cas9-SLCxSLC_counts.txt.gz	https://ftp.ncbi.nlm.nih.gov/geo/series/GSE269nnn/GSE269905/suppl/GSE269905_Cas9-SLCxSLC_counts.txt.gz
GSE269905_Cas9-SLCxSLC_sgRNAs.txt.gz	https://ftp.ncbi.nlm.nih.gov/geo/series/GSE269nnn/GSE269905/suppl/GSE269905_Cas9-SLCxSLC_sgRNAs.txt.gz
