canonical_lineage_id,canonical_label,lineage_class,family,canonical_source_locator,registry_entry_ids,source_object_ids,aliases_and_related_views,representation_note,evidence_types,organism,assay,perturbation,acquisition_readiness,rights_pool,rights_basis,overlap_decision,verification_basis,limitations
aggregator:arc_vca,Arc Virtual Cell Atlas,aggregator,aggregators,https://github.com/ArcInstitute/arc-virtual-cell-atlas | https://console.cloud.google.com/marketplace/product/bigquery-public-data/arc-institute,agg013_arc_vca_readmes; agg014_arc_vca_bucket_listing,,"aggregator:arc_vca; includes tahoebio/Tahoe-100M, arc-vcc-2025, scBaseCount SRA studies",,resource_metadata,human,scRNA-seq,chemical (Tahoe) + CRISPRi (VCC) + mixed (scBaseCount); mixed,metadata_or_manifest_only,terms-gated,Copied from master-registry.csv; no additional adjudication in this report.,No explicit cross-source overlap decision recorded in supplied reconciliation.,agg013_arc_vca_readmes: manifest_only | agg014_arc_vca_bucket_listing: unresolved,Aggregator/portal identity; upstream studies named in its metadata are aliases only and are not expanded or counted from this row.
aggregator:cellxgene_discover,CELLxGENE Discover collections,aggregator,aggregators,https://api.cellxgene.cziscience.com/curation/v1/collections,agg012_cellxgene_collections,,aggregator:cellxgene_discover; distributes original studies by accession,,resource_metadata,human,scRNA/multiome,mixed incl. perturbation datasets,metadata_or_manifest_only,as-recorded; no unified rights conclusion,Copied from master-registry.csv; no additional adjudication in this report.,No explicit cross-source overlap decision recorded in supplied reconciliation.,agg012_cellxgene_collections: manifest_only,Aggregator/portal identity; upstream studies named in its metadata are aliases only and are not expanded or counted from this row.
aggregator:czi_vcp,CZI Virtual Cells Platform,aggregator,aggregators,https://virtualcellmodels.cziscience.com/,agg011_czi_virtual_cells_platform,,"aggregator:czi_vcp; mirrors GSE314342,GSE90546,GSE133344,PRJNA831566",,resource_metadata,human,scRNA-seq,CRISPRi genome-scale,metadata_or_manifest_only,terms-gated,Copied from master-registry.csv; no additional adjudication in this report.,No explicit cross-source overlap decision recorded in supplied reconciliation.,agg011_czi_virtual_cells_platform: manifest_only,Aggregator/portal identity; upstream studies named in its metadata are aliases only and are not expanded or counted from this row.
aggregator:gears_benchmarks,GEARS benchmarks,aggregator,aggregators,https://github.com/snap-stanford/GEARS,agg008_gears_readme,,"aggregator:gears_benchmarks; derivatives of GSE90546,GSE90063,GSE133344,PRJNA831566",,resource_metadata,human,scRNA-seq,CRISPRi/a KO,metadata_or_manifest_only,terms-gated,Copied from master-registry.csv; no additional adjudication in this report.,No explicit cross-source overlap decision recorded in supplied reconciliation.,agg008_gears_readme: manifest_only,Aggregator/portal identity; upstream studies named in its metadata are aliases only and are not expanded or counted from this row.
aggregator:pertpy_loaders,pertpy loaders,aggregator,aggregators,https://pertpy.readthedocs.io/en/stable/api/datasets_index.html,agg010_pertpy_datasets_index,,aggregator:pertpy_loaders; mirrors same GEO accessions as scPerturb,,resource_metadata,human;mouse,scRNA/CITE,mixed CRISPR and drug,metadata_or_manifest_only,as-recorded; no unified rights conclusion,Copied from master-registry.csv; no additional adjudication in this report.,No explicit cross-source overlap decision recorded in supplied reconciliation.,agg010_pertpy_datasets_index: manifest_only,Aggregator/portal identity; upstream studies named in its metadata are aliases only and are not expanded or counted from this row.
aggregator:perturbase,PerturBase Zenodo demo,aggregator,aggregators,https://zenodo.org/doi/10.5281/zenodo.13761517 | https://www.ebi.ac.uk/europepmc/webservices/rest/PMC11701531/fullTextXML | https://figshare.com/s/dddc4ddf91d0b100fd6c | https://pmc.ncbi.nlm.nih.gov/articles/PMC11701531/,agg004_perturbase_demo; agg005_perturbase_paper; agg015_perturbase_figshare_demo; agg016_pmc_direct_page,,aggregator:perturbase; overlaps original GEO/SRA studies incl. GSE116248,,processed_demo_data_and_code | paper_metadata | processed_demo_data,human;mouse; human,scRNA/scATAC/CITE; mixed,genetic plus 230 chemical; mixed,materialized_fleet_evidence,research-only/noncommercial,Copied from master-registry.csv; no additional adjudication in this report.,No explicit cross-source overlap decision recorded in supplied reconciliation.,agg004_perturbase_demo: files_checksummed | agg005_perturbase_paper: manifest_only | agg015_perturbase_figshare_demo: unresolved | agg016_pmc_direct_page: unresolved,Aggregator/portal identity; upstream studies named in its metadata are aliases only and are not expanded or counted from this row.
aggregator:perturbdb,PerturbDB portal,aggregator,aggregators,https://doi.org/10.1093/nar/gkae777,agg006_perturbdb_portal,,"aggregator:perturbdb; reprocesses Replogle,Norman,Adamson,Dixit,Frangieh originals",,resource_metadata,human;mouse,scRNA/scATAC,CRISPR KO/knockdown (Mixscape-filtered),metadata_or_manifest_only,terms-gated,Copied from master-registry.csv; no additional adjudication in this report.,No explicit cross-source overlap decision recorded in supplied reconciliation.,agg006_perturbdb_portal: manifest_only,Aggregator/portal identity; upstream studies named in its metadata are aliases only and are not expanded or counted from this row.
aggregator:perturbseqdb,PerturbSeq.db portal,aggregator,aggregators,https://doi.org/10.1016/j.jmb.2025.169209,agg007_perturbseqdb_portal,,aggregator:perturbseqdb; superset-like overlap with scPerturb/PerturBase and pre-2024 originals,,resource_metadata,human;mouse;Toxoplasma,scRNA/scATAC,147 genetic datasets plus chemical,metadata_or_manifest_only,terms-gated,Copied from master-registry.csv; no additional adjudication in this report.,No explicit cross-source overlap decision recorded in supplied reconciliation.,agg007_perturbseqdb_portal: manifest_only,Aggregator/portal identity; upstream studies named in its metadata are aliases only and are not expanded or counted from this row.
aggregator:scperteval,scPertEval benchmark set,aggregator,aggregators,https://github.com/Virtual-Cell-Research-Community/scPertEval/blob/main/docs/user-guide/datasets.md,agg009_scperteval_datasets_doc,,"aggregator:scperteval; mirrors PRJNA831566,GSE264667,GSE213957,PRJNA1173491,arc-vcc-2025",,resource_metadata,human,scRNA-seq,CRISPRi/KO/Cas13,metadata_or_manifest_only,terms-gated,Copied from master-registry.csv; no additional adjudication in this report.,No explicit cross-source overlap decision recorded in supplied reconciliation.,agg009_scperteval_datasets_doc: manifest_only,Aggregator/portal identity; upstream studies named in its metadata are aliases only and are not expanded or counted from this row.
aggregator:scperturb,scPerturb portal,aggregator,aggregators,https://www.sanderlab.org/scPerturb/,agg001_scperturb_portal,,,,resource_metadata,mixed,scRNA/CITE/scATAC,mixed CRISPR and drug,metadata_or_manifest_only,terms-gated,Copied from master-registry.csv; no additional adjudication in this report.,No explicit cross-source overlap decision recorded in supplied reconciliation.,agg001_scperturb_portal: manifest_only,Aggregator/portal identity; upstream studies named in its metadata are aliases only and are not expanded or counted from this row.
aggregator:scperturb_atac,scPerturb Zenodo ATAC,aggregator,aggregators,https://zenodo.org/doi/10.5281/zenodo.7058381,agg003_scperturb_zenodo_atac,,"aggregator:scperturb_atac; mirrors GSE126310,GSE161002,GSE168851",,resource_metadata,human,scATAC-seq,CRISPR KO/knockdown,metadata_or_manifest_only,as-recorded; no unified rights conclusion,Copied from master-registry.csv; no additional adjudication in this report.,No explicit cross-source overlap decision recorded in supplied reconciliation.,agg003_scperturb_zenodo_atac: manifest_only,Aggregator/portal identity; upstream studies named in its metadata are aliases only and are not expanded or counted from this row.
aggregator:scperturb_rna,scPerturb Zenodo RNA,aggregator,aggregators,https://zenodo.org/doi/10.5281/zenodo.7041848,agg002_scperturb_zenodo_rna,,"aggregator:scperturb_rna; mirrors originals GSE90063,GSE90546,GSE92872,GSE120861,GSE126310,GSE133344,GSE135497,GSE146194,GSE153056 and others",,harmonized_perturbation_profiles,human;mouse,scRNA-seq/CITE-seq,"CRISPRi/a/KO, drug dose",materialized_fleet_evidence,as-recorded; no unified rights conclusion,Copied from master-registry.csv; no additional adjudication in this report.,No explicit cross-source overlap decision recorded in supplied reconciliation.,agg002_scperturb_zenodo_rna: files_checksummed,Aggregator/portal identity; upstream studies named in its metadata are aliases only and are not expanded or counted from this row.
go-20220919,"GO annotations, 2022-09-19",auxiliary_annotation,auxiliary,slp/raw/go-20220919/,slp_raw_go_20220919,goa-human-20220919; go-sgd-20220919,go-20220919,,auxiliary annotation,human; yeast,GOA/SGD GAF annotations,none (annotation),materialized_or_censused_SLP_raw,open-attribution (per reconciliation),Reconciliation states CC BY 4.0.,New auxiliary source lineage; excluded from experimental-lineage counts.,slp_raw_go_20220919: Bucket census metadata: 16 MB GOA human and SGD GAF files.,
ARCHS4 sample SRA accessions,ARCHS4 file manifest (h5 files over budget),experimental_lineage,bulk-atlases,https://archs4.org/api/versionfile,bulk-atlases-archs4,,,,uniformly processed count/TPM matrices (not fetched),"human, mouse (+35000 samples other species)","bulk RNA-seq (salmon/STAR GRCh38/GRCm39, Ensembl 107)",gene perturbation subset must be identified via metadata,metadata_or_manifest_only,as-recorded; no unified rights conclusion,Copied from master-registry.csv; no additional adjudication in this report.,No explicit cross-source overlap decision recorded in supplied reconciliation.,bulk-atlases-archs4: manifest_only,
bbbc021 (idr0035 mirror),BBBC021 / idr0035 (compound annotations + image-level CSV),experimental_lineage,imaging,https://bbbc.broadinstitute.org/BBBC021,bbbc021,,,,measured,Homo sapiens (MCF7),3-channel fluorescence microscopy,"113 small molecules, 8 concentrations, 24 h",metadata_or_manifest_only,terms-gated,Copied from master-registry.csv; no additional adjudication in this report.,No explicit cross-source overlap decision recorded in supplied reconciliation.,bbbc021: manifest_only,
bbbc022 (idr0036 mirror),BBBC022 / idr0036 (image-level CSV),experimental_lineage,imaging,https://bbbc.broadinstitute.org/BBBC022,bbbc022,,,,measured,Homo sapiens (U2OS),Cell Painting (5-channel),"1,600 bioactive compounds, one screening condition",metadata_or_manifest_only,as-recorded; no unified rights conclusion,Copied from master-registry.csv; no additional adjudication in this report.,No explicit cross-source overlap decision recorded in supplied reconciliation.,bbbc022: manifest_only,
biogrid-orcs-2.0.18,BioGRID ORCS,experimental_lineage,fitness-sl,https://downloads.thebiogrid.org/BioGRID-ORCS/Latest-Release/,FSL01,,,,direct_pair_GI and single_gene_fitness as curated per screen; screen index retained,Homo sapiens; Saccharomyces cerevisiae,CRISPR knockout (mixed per screen),CRISPR knockout; curated from 418+ publications,manual_import_deferred,manual-import deferred,Verified correction: live-manifest scope is zero pinned objects; two BioGRID ORCS tarballs are deferred to manual import.,No explicit cross-source overlap decision recorded in supplied reconciliation.,FSL01: files_checksummed,Supersedes supplied snapshot association: live manifest has 0 pinned BioGRID ORCS objects; two tarballs are deferred to manual import.
bioRxiv:2025.12.12.693897,"HumanCytokineDict repo: README, donor metadata and annotations (theislab)",experimental_lineage,biologic-cytokine,https://github.com/theislab/HumanCytokineDict | https://doi.org/10.64898/2025.12.12.693897,humancytokinedict_github; biorxiv_2025_12_12_693897_metadata,,,,derived_signatures_and_metadata | metadata,Homo sapiens,in vitro PBMC scRNA-seq (Parse Evercode WT GigaLab); scRNA-seq,"90 cytokines, 24 h, PBS control, 12 donors; 90 cytokines, 24 h, 12 donors",materialized_fleet_evidence,terms-gated,Copied from master-registry.csv; no additional adjudication in this report.,No explicit cross-source overlap decision recorded in supplied reconciliation.,humancytokinedict_github: files_checksummed | biorxiv_2025_12_12_693897_metadata: manifest_only,
cpg0000-jump-pilot,JUMP pilot / CPJUMP1 cpg0000-jump-pilot (well profiles + metadata),experimental_lineage,imaging,https://cellpainting-gallery.s3.amazonaws.com/cpg0000-jump-pilot/source_4/workspace/profiles/2020_11_04_CPJUMP1/,cpjump1,cpjump1-cpg0000-profiles-br00116991; cpjump1-cpg0000-profiles-br00116992; cpjump1-cpg0000-profiles-br00116993; cpjump1-cpg0000-profiles-br00116994; cpjump1-cpg0000-profiles-br00116995; cpjump1-cpg0000-profiles-br00116996; cpjump1-cpg0000-profiles-br00116997; cpjump1-cpg0000-profiles-br00116998; cpjump1-cpg0000-profiles-br00116999; cpjump1-cpg0000-profiles-br00117000; cpjump1-cpg0000-profiles-br00117001; cpjump1-cpg0000-profiles-br00117002; cpjump1-cpg0000-profiles-br00117003; cpjump1-cpg0000-profiles-br00117004; cpjump1-cpg0000-profiles-br00117005; cpjump1-cpg0000-profiles-br00117006; cpjump1-cpg0000-profiles-br00117008; cpjump1-cpg0000-profiles-br00117009; cpjump1-cpg0000-profiles-br00117010; cpjump1-cpg0000-profiles-br00117011; cpjump1-cpg0000-profiles-br00117012; cpjump1-cpg0000-profiles-br00117013; cpjump1-cpg0000-profiles-br00117015; cpjump1-cpg0000-profiles-br00117016; cpjump1-cpg0000-profiles-br00117017; cpjump1-cpg0000-profiles-br00117019; cpjump1-cpg0000-profiles-br00117020; cpjump1-cpg0000-profiles-br00117021; cpjump1-cpg0000-profiles-br00117022; cpjump1-cpg0000-profiles-br00117023; cpjump1-cpg0000-profiles-br00117024; cpjump1-cpg0000-profiles-br00117025; cpjump1-cpg0000-profiles-br00117026; cpjump1-cpg0000-profiles-br00117050; cpjump1-cpg0000-profiles-br00117051; cpjump1-cpg0000-profiles-br00117052; cpjump1-cpg0000-profiles-br00117053; cpjump1-cpg0000-profiles-br00117054; cpjump1-cpg0000-profiles-br00117055; cpjump1-cpg0000-profiles-br00118039; cpjump1-cpg0000-profiles-br00118040; cpjump1-cpg0000-profiles-br00118041; cpjump1-cpg0000-profiles-br00118042; cpjump1-cpg0000-profiles-br00118043; cpjump1-cpg0000-profiles-br00118044; cpjump1-cpg0000-profiles-br00118045; cpjump1-cpg0000-profiles-br00118046; cpjump1-cpg0000-profiles-br00118047; cpjump1-cpg0000-profiles-br00118048; cpjump1-cpg0000-profiles-br00118049; cpjump1-cpg0000-profiles-br00118050,,,measured,Homo sapiens (A549 and U2OS),Cell Painting plus brightfield,303 compounds paired with 160 target genes via CRISPR knockout and ORF overexpression,materialized_fleet_evidence,as-recorded; no unified rights conclusion,Copied from master-registry.csv; no additional adjudication in this report.,No explicit cross-source overlap decision recorded in supplied reconciliation.,cpjump1: files_checksummed,
cpg0004-lincs (LINCS Pilot 1),LINCS Cell Painting cpg0004 (full release + consensus profiles + metadata),experimental_lineage,imaging,https://zenodo.org/records/5008187,lincs_cellpainting,,,,measured,Homo sapiens (A549; second batch A549/MCF7/U2OS),Cell Painting,"1,571 compounds main batch; 349 second batch; 6-7 doses, 6/24/48 h",materialized_fleet_evidence,as-recorded; no unified rights conclusion,Copied from master-registry.csv; no additional adjudication in this report.,No explicit cross-source overlap decision recorded in supplied reconciliation.,lincs_cellpainting: files_checksummed,
"cpg0012 (= BBBC047 = BBBC036 bioactive subset = idr0016; one experiment, do not double count)",CDRP / cpg0012 / BBBC047 (metadata + profile survey),experimental_lineage,imaging,https://bbbc.broadinstitute.org/BBBC047,cpg0012_bbbc047,,,,measured,Homo sapiens (U2OS),Cell Painting,"30,616 compounds",metadata_or_manifest_only,as-recorded; no unified rights conclusion,Copied from master-registry.csv; no additional adjudication in this report.,No explicit cross-source overlap decision recorded in supplied reconciliation.,cpg0012_bbbc047: manifest_only,
cpg0016,JUMP Cell Painting cpg0016 (assembled profiles + metadata),experimental_lineage,imaging,https://cellpainting-gallery.s3.amazonaws.com/cpg0016-jump-assembled/source_all/workspace/profiles_assembled/,jump_cpg0016,jump-cpg0016-metadata-compound-csv-gz; jump-cpg0016-metadata-compound-source-csv-gz; jump-cpg0016-metadata-crispr-csv-gz; jump-cpg0016-metadata-orf-csv-gz; jump-cpg0016-metadata-perturbation-control-csv; jump-cpg0016-metadata-plate-csv-gz; jump-cpg0016-metadata-well-csv-gz; cellpainting-profiles-profile-index-json; cellpainting-profiles-broadinstitute-lincs-cell-painting-v1-zip; jump-cpg0016-profiles-profiles-wellpos-cc-var-mad-outlier-6153c918; jump-cpg0016-profiles-profiles-wellpos-cc-var-mad-outlier-featselect-sph-32f25ee6; jump-cpg0016-profiles-profiles-wellpos-cc-var-mad-outlier-featselect-sph-019cd1b7,,,measured,Homo sapiens (U2OS),Cell Painting (5-channel fluorescence microscopy),chemical compounds and genetic perturbations (ORF/CRISPR/compound subsets),materialized_fleet_evidence,as-recorded; no unified rights conclusion,Copied from master-registry.csv; no additional adjudication in this report.,No explicit cross-source overlap decision recorded in supplied reconciliation.,jump_cpg0016: files_checksummed,
CREEDS signature ids inside JSON (GEO-linked),CREEDS signature files (manual vs automatic vs DrugMatrix),experimental_lineage,bulk-atlases,https://maayanlab.cloud/CREEDS/downloads.json,bulk-atlases-creeds,,,,"differential-expression gene signatures (ranked lists, not counts)","human, mouse (mixed per set)",microarray/RNA-seq derived signatures,"gene perturbation, drug perturbation, disease (observational)",materialized_fleet_evidence,as-recorded; no unified rights conclusion,Copied from master-registry.csv; no additional adjudication in this report.,No explicit cross-source overlap decision recorded in supplied reconciliation.,bulk-atlases-creeds: files_checksummed,
depmap-24q2,SLp raw Broad DepMap 24Q2,experimental_lineage,fitness-sl,slp/raw/depmap-24q2/,slp_raw_depmap_24q2,depmap-24q2-46489063; depmap-24q2-46489732; depmap-24q2-46490878,depmap-24q2; depmap-26q1-metadata,,single_gene_fitness; expression context,human,CRISPR gene effect; expression; model metadata,CRISPR gene knockout,materialized_or_censused_SLP_raw,open-attribution (per reconciliation),Reconciliation says historical Figshare 24Q2 is CC BY 4.0; it does not adjudicate current releases.,"FSL08 is metadata for a newer supported-file listing; treat it as an alias/reference to the same DepMap program, not an additional experimental lineage.","slp_raw_depmap_24q2: Bucket census metadata: 880 MB CRISPRGeneEffect, OmicsExpression TPM, and Model files.",Release-specific rights must remain release-specific; no conclusion about current DepMap terms is made.
depmap-26q1-metadata,DepMap supported file metadata,experimental_lineage,fitness-sl,https://depmap.org/portal/api/no-captcha/download/files,FSL08,,,,single_gene_fitness,Homo sapiens,CRISPR/RNAi knockout/knockdown,single-gene,materialized_fleet_evidence,terms-gated,Copied from master-registry.csv; no additional adjudication in this report.,No explicit cross-source overlap decision recorded in supplied reconciliation.,FSL08: files_checksummed,
doi:10.1038/nbt.3834,Han 2017 CDKO supplements,experimental_lineage,fitness-sl,https://doi.org/10.1038/nbt.3834,FSL18,cdko-han-2017-41587-2017-bfnbt3834-moesm263-esm-pdf; cdko-han-2017-41587-2017-bfnbt3834-moesm264-esm-xlsx; cdko-han-2017-41587-2017-bfnbt3834-moesm265-esm-xlsx; cdko-han-2017-41587-2017-bfnbt3834-moesm266-esm-xlsx; cdko-han-2017-41587-2017-bfnbt3834-moesm267-esm-xlsx; cdko-han-2017-41587-2017-bfnbt3834-moesm268-esm-xlsx; cdko-han-2017-41587-2017-bfnbt3834-moesm269-esm-xlsx; cdko-han-2017-41587-2017-bfnbt3834-moesm270-esm-xlsx; cdko-han-2017-41587-2017-bfnbt3834-moesm271-esm-xlsx; cdko-han-2017-41587-2017-bfnbt3834-moesm272-esm-xlsx; cdko-han-2017-41587-2017-bfnbt3834-moesm273-esm-xlsx; cdko-han-2017-41587-2017-bfnbt3834-moesm274-esm-xlsx; cdko-han-2017-41587-2017-bfnbt3834-moesm275-esm-xlsx; cdko-han-2017-41587-2017-bfnbt3834-moesm276-esm-xlsx; cdko-han-2017-41587-2017-bfnbt3834-moesm277-esm-xlsx,,,direct_pair_GI,Homo sapiens,CRISPR double knockout (CDKO),drug-target gene pairs,storage_only_rights_deferred,storage-only rights-deferred,Verified correction: non-open Springer supplement group; trainingAllowed=false and redistributionAllowed=false pending rights adjudication.,No explicit cross-source overlap decision recorded in supplied reconciliation.,FSL18: files_checksummed,Storage-only pending rights adjudication; do not treat presence in storage or checksum verification as training or redistribution permission.
doi:10.1038/nbt.4048,Big Papi SynLet supplements,experimental_lineage,fitness-sl,https://doi.org/10.1038/nbt.4048,FSL20,bigpapi-2018-41587-2018-bfnbt4048-moesm25-esm-pdf; bigpapi-2018-41587-2018-bfnbt4048-moesm26-esm-pdf; bigpapi-2018-41587-2018-bfnbt4048-moesm27-esm-zip,,,direct_pair_GI,Homo sapiens,CRISPR double knockout,~25 target gene families,storage_only_rights_deferred,storage-only rights-deferred,Verified correction: non-open Springer supplement group; trainingAllowed=false and redistributionAllowed=false pending rights adjudication.,No explicit cross-source overlap decision recorded in supplied reconciliation.,FSL20: files_checksummed,Storage-only pending rights adjudication; do not treat presence in storage or checksum verification as training or redistribution permission.
doi:10.1038/nbt.4062,Boettcher 2018 activation x KO supplements,experimental_lineage,fitness-sl,https://doi.org/10.1038/nbt.4062,FSL21,boettcher-2018-axko-41587-2018-bfnbt4062-moesm10-esm-csv; boettcher-2018-axko-41587-2018-bfnbt4062-moesm11-esm-csv; boettcher-2018-axko-41587-2018-bfnbt4062-moesm12-esm-pdf; boettcher-2018-axko-41587-2018-bfnbt4062-moesm13-esm-pdf; boettcher-2018-axko-41587-2018-bfnbt4062-moesm14-esm-xls; boettcher-2018-axko-41587-2018-bfnbt4062-moesm15-esm-txt; boettcher-2018-axko-41587-2018-bfnbt4062-moesm16-esm-txt; boettcher-2018-axko-41587-2018-bfnbt4062-moesm17-esm-txt; boettcher-2018-axko-41587-2018-bfnbt4062-moesm3-esm-pdf; boettcher-2018-axko-41587-2018-bfnbt4062-moesm4-esm-pdf; boettcher-2018-axko-41587-2018-bfnbt4062-moesm5-esm-csv; boettcher-2018-axko-41587-2018-bfnbt4062-moesm6-esm-csv; boettcher-2018-axko-41587-2018-bfnbt4062-moesm7-esm-csv; boettcher-2018-axko-41587-2018-bfnbt4062-moesm8-esm-csv; boettcher-2018-axko-41587-2018-bfnbt4062-moesm9-esm-csv,,,direct_pair_GI_directional,Homo sapiens,CRISPRa x CRISPR knockout,directional gene pairs,storage_only_rights_deferred,storage-only rights-deferred,Verified correction: non-open Springer supplement group; trainingAllowed=false and redistributionAllowed=false pending rights adjudication.,No explicit cross-source overlap decision recorded in supplied reconciliation.,FSL21: files_checksummed,Storage-only pending rights adjudication; do not treat presence in storage or checksum verification as training or redistribution permission.
doi:10.1038/nmeth.4225,Shen 2017 combinatorial CRISPR supplements,experimental_lineage,fitness-sl,https://doi.org/10.1038/nmeth.4225,FSL19,shen-2017-combinatorial-41592-2017-bfnmeth4225-moesm40-esm-pdf; shen-2017-combinatorial-41592-2017-bfnmeth4225-moesm41-esm-xlsx; shen-2017-combinatorial-41592-2017-bfnmeth4225-moesm42-esm-xlsx; shen-2017-combinatorial-41592-2017-bfnmeth4225-moesm43-esm-xlsx; shen-2017-combinatorial-41592-2017-bfnmeth4225-moesm44-esm-xlsx,,,direct_pair_GI,Homo sapiens,CRISPR double knockout,73 genes all-pairs,storage_only_rights_deferred,storage-only rights-deferred,Verified correction: non-open Springer supplement group; trainingAllowed=false and redistributionAllowed=false pending rights adjudication.,No explicit cross-source overlap decision recorded in supplied reconciliation.,FSL19: files_checksummed,Storage-only pending rights adjudication; do not treat presence in storage or checksum verification as training or redistribution permission.
doi:10.1038/s41467-021-21478-9,Gonatopoulos-Pournatzis 2021 paralog screen,experimental_lineage,fitness-sl,https://www.nature.com/articles/s41467-021-21478-9,FSL17,gonatopoulos-2021-paralog-41467-2021-21478-moesm10-esm-xlsx; gonatopoulos-2021-paralog-41467-2021-21478-moesm11-esm-xlsx; gonatopoulos-2021-paralog-41467-2021-21478-moesm12-esm-pdf; gonatopoulos-2021-paralog-41467-2021-21478-moesm13-esm-xlsx; gonatopoulos-2021-paralog-41467-2021-21478-moesm1-esm-pdf; gonatopoulos-2021-paralog-41467-2021-21478-moesm2-esm-pdf; gonatopoulos-2021-paralog-41467-2021-21478-moesm3-esm-pdf; gonatopoulos-2021-paralog-41467-2021-21478-moesm4-esm-xlsx; gonatopoulos-2021-paralog-41467-2021-21478-moesm5-esm-xlsx; gonatopoulos-2021-paralog-41467-2021-21478-moesm6-esm-xlsx; gonatopoulos-2021-paralog-41467-2021-21478-moesm7-esm-xlsx; gonatopoulos-2021-paralog-41467-2021-21478-moesm8-esm-xlsx; gonatopoulos-2021-paralog-41467-2021-21478-moesm9-esm-xlsx,,,direct_pair_GI,Homo sapiens,CRISPR combinatorial splicing/paralog screens,gene pairs,materialized_fleet_evidence,as-recorded; no unified rights conclusion,Copied from master-registry.csv; no additional adjudication in this report.,No explicit cross-source overlap decision recorded in supplied reconciliation.,FSL17: files_checksummed,
drugmatrix,DrugMatrix via NIEHS CEBS (paper 15670),experimental_lineage,chemical-tx,https://cebs.niehs.nih.gov/cebs/paper/15670,chemical-tx_drugmatrix,,,,toxicogenomics_dose_timecourse,male rat (7 tissues + primary hepatocytes),CodeLink and Affymetrix whole-genose microarrays + histopathology,"~637 pharmaceuticals/environmental chemicals, doses 0.25/1/3/5 d",materialized_fleet_evidence,as-recorded; no unified rights conclusion,Copied from master-registry.csv; no additional adjudication in this report.,No explicit cross-source overlap decision recorded in supplied reconciliation.,chemical-tx_drugmatrix: files_checksummed,
dryad:10.5061/dryad.4291s,Costanzo 2016 yeast SGA (Dryad),experimental_lineage,fitness-sl,https://doi.org/10.5061/dryad.4291s | Dryad 10.5061/dryad.4291s; slp/raw/costanzo-2016/,FSL03; slp_raw_costanzo_2016,costanzo-2016-pairwise,costanzo-2016; population-yeast; response-yeast | population-yeast; response-yeast,Prepared views and technical resamples listed in aliases are representations only; they do not add a canonical lineage.,direct_pair_GI (yeast),Saccharomyces cerevisiae; yeast,SGA double mutant; pairwise SGA,SGA gene pairs; genetic interaction,materialized_or_censused_SLP_raw,rights-unresolved,Reconciliation identifies a rights record but says it is reconcile-before-fitting; no training conclusion recorded here.,Merged with FSL03: same Costanzo 2016 yeast SGA lineage; one canonical row.,FSL03: unresolved | slp_raw_costanzo_2016: Bucket census metadata: 521 MB pairwise.zip.,Costanzo rights are unresolved; registry inclusion and object census are not training admission.
ENCSR accessions,ENCODE shRNA/CRISPR RNA-seq perturbation experiments,experimental_lineage,bulk-atlases,https://www.encodeproject.org/search/?type=Experiment&assay_title=shRNA+RNA-seq&status=released&format=json,bulk-atlases-encode,,,,processed gene quantification tables + experiment metadata,human (K562/HepG2),shRNA and CRISPR RNA-seq,shRNA/CRISPR depletion (RBP knockdowns),materialized_fleet_evidence,as-recorded; no unified rights conclusion,Copied from master-registry.csv; no additional adjudication in this report.,No explicit cross-source overlap decision recorded in supplied reconciliation.,bulk-atlases-encode: files_checksummed,
feng-2024,Feng 2024 SL benchmark,experimental_lineage,fitness-sl,Zenodo 14025191; slp/raw/feng-2024/,slp_raw_feng_2024,feng-2024-data_small-tar-gz-partaa; feng-2024-data_small-tar-gz-partab; feng-2024-data_small-tar-gz-partac; feng-2024-data_small-tar-gz-partad; feng-2024-data_small-tar-gz-partae,feng-2024; feng-folds | feng-folds,Prepared views and technical resamples listed in aliases are representations only; they do not add a canonical lineage.,benchmark dataset; underlying evidence composition not re-adjudicated,not stated in supplied reconciliation,SL benchmark data_small,not stated in supplied reconciliation,materialized_or_censused_SLP_raw,open-attribution (per reconciliation),Reconciliation states CC BY 4.0.,"New raw source lineage; feng-folds is a prepared view, not another lineage.",slp_raw_feng_2024: Bucket census metadata: 4.9 GB five md5 parts; 22 GB decompressed data_small.,
figshare:6025238,DEMETER2,experimental_lineage,fitness-sl,https://doi.org/10.6084/m9.figshare.6025238,FSL10,demeter2-2018-d2-combined-cl-data-csv; demeter2-2018-d2-combined-gene-dep-scores-csv; demeter2-2018-readme-txt; demeter2-2018-sample-info-csv,,,single_gene_fitness,Homo sapiens,shRNA knockdown (DEMETER2),single-gene,materialized_fleet_evidence,as-recorded; no unified rights conclusion,Copied from master-registry.csv; no additional adjudication in this report.,No explicit cross-source overlap decision recorded in supplied reconciliation.,FSL10: files_checksummed,
figshare:9393293-19Q4,PRISM Repurposing 19Q4,experimental_lineage,fitness-sl,https://doi.org/10.6084/m9.figshare.9393293,FSL09,prism-repurposing-19q4-primary-screen-cell-line-info-csv; prism-repurposing-19q4-primary-screen-pooling-info-csv; prism-repurposing-19q4-primary-screen-readme-txt; prism-repurposing-19q4-primary-screen-replicate-collapsed-logfold-change-csv; prism-repurposing-19q4-primary-screen-replicate-collapsed-treatment-info-csv,,,drug_response,Homo sapiens,small-molecule viability,single drugs,materialized_fleet_evidence,as-recorded; no unified rights conclusion,Copied from master-registry.csv; no additional adjudication in this report.,No explicit cross-source overlap decision recorded in supplied reconciliation.,FSL09: files_checksummed,
figshare:c.8043392,Harle et al. 2025 pan-cancer dual-guide compendium,experimental_lineage,fitness-sl,https://doi.org/10.6084/m9.figshare.c.8043392 | Figshare 46763992/46763995; slp/raw/harle-2025/,FSL15; slp_raw_harle_2025,harle-2025-46763992; harle-2025-46763995,harle-2025; harle-fitness; harle-gi | harle-fitness; harle-gi,Prepared views and technical resamples listed in aliases are representations only; they do not add a canonical lineage.,direct_pair_GI | direct_pair_GI / fitness context,Homo sapiens; not stated in supplied reconciliation,CRISPR double knockout (pan-cancer dual-guide); pan-cancer dual-guide compendium,gene pairs; dual-guide genetic perturbation,materialized_or_censused_SLP_raw,open-attribution (per reconciliation),Reconciliation states MIT.,Merged with FSL15: reconciliation calls these the same Figshare objects; do not double-count.,FSL15: files_checksummed | slp_raw_harle_2025: Bucket census metadata: 440 MB DATA and METADATA tars; pinned md5 reported by reconciliation.,
geo:GSE178179,pgPEN GSE178179 metadata,experimental_lineage,fitness-sl,https://www.ncbi.nlm.nih.gov/geo/query/acc.cgi?acc=GSE178179,FSL16,,,,direct_pair_GI,Homo sapiens,CRISPR paired-guide paralog double knockout,paralog gene pairs,materialized_fleet_evidence,as-recorded; no unified rights conclusion,Copied from master-registry.csv; no additional adjudication in this report.,No explicit cross-source overlap decision recorded in supplied reconciliation.,FSL16: files_checksummed,
GPSAdb dataset IDs / GEO accessions inside archive,GPSAdb 2.0 homepage provenance + figshare manifest,experimental_lineage,bulk-atlases,https://www.gpsadb.com/,bulk-atlases-gpsadb,,,,bulk RNA-seq differential-expression contrasts,"human, mouse (per homepage)",bulk RNA-seq,gene knockdown/knockout,metadata_or_manifest_only,as-recorded; no unified rights conclusion,Copied from master-registry.csv; no additional adjudication in this report.,No explicit cross-source overlap decision recorded in supplied reconciliation.,bulk-atlases-gpsadb: manifest_only,
GSE101406,LINCS P100/GCP chemical signatures (Panorama Public 2021),experimental_lineage,proteomics-metab,https://panoramaweb.org/Panorama%20Public/2021/LINCS%20PCCSE%20P100%202020/project-begin.view | https://www.ncbi.nlm.nih.gov/geo/query/acc.cgi?acc=GSE101406,panorama_lincs_p100; GSE101406,,,,"measured targeted mass-spectrometry proteomics (P100 phosphopeptide, GCP histone peptide) | measured proteomic profiles with matched L1000 transcriptomic subset",Homo sapiens,Targeted MS (P100/GCP); P100/GCP targeted MS + L1000,118 published-release small molecules (current Panorama summary lists 128); LINCS small molecules (Connectivity Map),metadata_or_manifest_only,as-recorded; no unified rights conclusion,Copied from master-registry.csv; no additional adjudication in this report.,No explicit cross-source overlap decision recorded in supplied reconciliation.,panorama_lincs_p100: files_checksummed | GSE101406: files_checksummed,
GSE116436,NCI Transcriptional Pharmacodynamics Workbench (GSE116436),experimental_lineage,chemical-tx,https://tpwb.nci.nih.gov/GeneExpressionNCI60/index.html,chemical-tx_nci_tpw,,,,perturbation_response_transcriptomics_timecourse,human NCI-60 panel,Affymetrix whole-genome expression,"15 anticancer drugs, low/high dose, 2/6/24h",metadata_or_manifest_only,as-recorded; no unified rights conclusion,Copied from master-registry.csv; no additional adjudication in this report.,No explicit cross-source overlap decision recorded in supplied reconciliation.,chemical-tx_nci_tpw: manifest_only,
GSE119450,Shifrut et al. 2018 SLICE/CROP-seq CD8 T cells,experimental_lineage,sc-genetic,https://www.ncbi.nlm.nih.gov/geo/query/acc.cgi?acc=GSE119450,GSE119450,,,,measurement,Human primary CD8 T cells,CROP-seq,"CRISPR KO, 48 sgRNAs, 2 donors +/- restimulation",materialized_fleet_evidence,as-recorded; no unified rights conclusion,Copied from master-registry.csv; no additional adjudication in this report.,No explicit cross-source overlap decision recorded in supplied reconciliation.,GSE119450: files_checksummed,
GSE120222,Novartis DRUG-seq proof-of-concept (GSE120222),experimental_lineage,chemical-tx,https://www.ncbi.nlm.nih.gov/geo/query/acc.cgi?acc=GSE120222,chemical-tx_drugseq433,,,,perturbation_response_transcriptomics,human (U2OS),DRUG-seq (3' RNA-seq),433 compounds x 8 doses,materialized_fleet_evidence,as-recorded; no unified rights conclusion,Copied from master-registry.csv; no additional adjudication in this report.,No explicit cross-source overlap decision recorded in supplied reconciliation.,chemical-tx_drugseq433: files_checksummed,
GSE120222_program_drugseq,Novartis DRUG-seq U2OS MoABox (Zenodo 14291446),experimental_lineage,chemical-tx,https://zenodo.org/records/14291446,chemical-tx_drugseq_moabox,drugseq-2018-u2os-gse120222-raw-tar,,,perturbation_response_transcriptomics,human (U2OS),DRUG-seq,"4,343 compounds x 4 doses (0.01/0.1/1/10 uM, 24h)",materialized_fleet_evidence,as-recorded; no unified rights conclusion,Copied from master-registry.csv; no additional adjudication in this report.,No explicit cross-source overlap decision recorded in supplied reconciliation.,chemical-tx_drugseq_moabox: files_checksummed,
GSE120861,Gasperini et al. 2019 genome-wide enhancer screen,experimental_lineage,sc-genetic,https://www.ncbi.nlm.nih.gov/geo/query/acc.cgi?acc=GSE120861,GSE120861,,,,measurement,Human (K562),Perturb-seq (CRISPRi enhancer),CRISPRi enhancer tiling,materialized_fleet_evidence,as-recorded; no unified rights conclusion,Copied from master-registry.csv; no additional adjudication in this report.,No explicit cross-source overlap decision recorded in supplied reconciliation.,GSE120861: files_checksummed,
GSE133344,Norman et al. 2019 CRISPRa genetic interaction manifolds,experimental_lineage,sc-genetic,https://www.ncbi.nlm.nih.gov/geo/query/acc.cgi?acc=GSE133344,GSE133344,,population-norman; response-norman,Prepared views and technical resamples listed in aliases are representations only; they do not add a canonical lineage.,measurement,Human (K562),CRISPRa/Perturb-seq,CRISPRa single and combinatorial gene overexpression,materialized_fleet_evidence,as-recorded; no unified rights conclusion,Copied from master-registry.csv; no additional adjudication in this report.,No explicit cross-source overlap decision recorded in supplied reconciliation.,GSE133344: files_checksummed,
GSE139944,sci-Plex 3 chemical screen (GSE139944),experimental_lineage,chemical-tx,https://www.ncbi.nlm.nih.gov/geo/query/acc.cgi?acc=GSE139944,chemical-tx_sciplex3,sciplex3-2019-gsm4150376-sciplex1-hek293t-nih3t3-umi-count-matrix-gz; sciplex3-2019-gsm4150376-sciplex1-hek293t-nih3t3-cell-annotations-txt-gz; sciplex3-2019-gsm4150376-sciplex1-hek293t-nih3t3-gene-annotations-txt-gz; sciplex3-2019-gsm4150376-sciplex1-hek293t-nih3t3-hashtable-out-txt-gz; sciplex3-2019-gsm4150376-sciplex1-cds-rds-gz; sciplex3-2019-gsm4150376-sciplex1-hashsamplesheet-txt-gz; sciplex3-2019-gsm4150376-sciplex1-pdata-txt-gz; sciplex3-2019-gsm4150377-sciplex2-a549-transcription-modulators-cell-annot; sciplex3-2019-gsm4150377-sciplex2-a549-transcription-modulators-gene-annot; sciplex3-2019-gsm4150377-sciplex2-a549-transcription-modulators-hashtable-; sciplex3-2019-gsm4150377-sciplex2-cds-rds-gz; sciplex3-2019-gsm4150377-sciplex2-hashsamplesheet-txt-gz; sciplex3-2019-gsm4150377-sciplex2-pdata-txt-gz; sciplex3-2019-gsm4150378-sciplex3-a549-mcf7-k562-hashtable-metadata-txt-gz; sciplex3-2019-gsm4150378-sciplex3-a549-mcf7-k562-screen-cell-annotations-t; sciplex3-2019-gsm4150378-sciplex3-a549-mcf7-k562-screen-gene-annotations-t; sciplex3-2019-gsm4150378-sciplex3-hashsamplesheet-txt-gz; sciplex3-2019-gsm4150378-sciplex3-pdata-txt-gz; sciplex3-2019-gsm4150379-sciplex4-a549-mcf7-hdaci-cell-annotations-txt-gz; sciplex3-2019-gsm4150379-sciplex4-a549-mcf7-hdaci-gene-annotations-txt-gz; sciplex3-2019-gsm4150379-sciplex4-a549-mcf7-hdaci-hashtable-out-txt-gz; sciplex3-2019-gsm4150379-sciplex4-hashsamplesheet-txt-gz; sciplex3-2019-gsm4150379-sciplex4-pdata-txt-gz,,,perturbation_response_singlecell,"human/mouse cell lines (HEK293T, NIH3T3, A549, MCF7, K562)",sci-RNA-seq (snRNA-seq),188 small molecules + vehicle,metadata_or_manifest_only,as-recorded; no unified rights conclusion,Copied from master-registry.csv; no additional adjudication in this report.,No explicit cross-source overlap decision recorded in supplied reconciliation.,chemical-tx_sciplex3: manifest_only,
GSE146194,Replogle et al. 2020 direct-capture combinatorial Perturb-seq,experimental_lineage,sc-genetic,https://www.ncbi.nlm.nih.gov/geo/query/acc.cgi?acc=GSE146194,GSE146194,,,,measurement,Human (K562),Perturb-seq (direct capture),CRISPRi combinatorial,materialized_fleet_evidence,as-recorded; no unified rights conclusion,Copied from master-registry.csv; no additional adjudication in this report.,No explicit cross-source overlap decision recorded in supplied reconciliation.,GSE146194: files_checksummed,
GSE152988,Tian et al. 2021 neuron CROP-seq,experimental_lineage,sc-genetic,https://www.ncbi.nlm.nih.gov/geo/query/acc.cgi?acc=GSE152988,GSE152988,,,,measurement,Human (iPSC neurons),CROP-seq,CRISPRi/a (184 i + 100 a targets),materialized_fleet_evidence,as-recorded; no unified rights conclusion,Copied from master-registry.csv; no additional adjudication in this report.,No explicit cross-source overlap decision recorded in supplied reconciliation.,GSE152988: files_checksummed,
GSE153056,Papalexi et al. 2021 ECCITE-seq checkpoint,experimental_lineage,sc-genetic,https://www.ncbi.nlm.nih.gov/geo/query/acc.cgi?acc=GSE153056,GSE153056,,,,measurement,Human (THP-1),ECCITE-seq/CITE,"CRISPR loss-of-function, 111-guide library",materialized_fleet_evidence,as-recorded; no unified rights conclusion,Copied from master-registry.csv; no additional adjudication in this report.,No explicit cross-source overlap decision recorded in supplied reconciliation.,GSE153056: files_checksummed,
GSE157977,Jin et al. 2020 in vivo brain Perturb-seq,experimental_lineage,sc-genetic,https://www.ncbi.nlm.nih.gov/geo/query/acc.cgi?acc=GSE157977 | https://singlecell.broadinstitute.org/single_cell/study/SCP1184,GSE157977; SCP1184,,SCP1184/GSE157977,,measurement,Mouse (in vivo neocortex); Mouse,Perturb-seq,"CRISPRi/CRISPRa, 35 ASD/ND genes; CRISPRi/a, 35 ASD/ND genes",materialized_fleet_evidence,as-recorded; no unified rights conclusion,Copied from master-registry.csv; no additional adjudication in this report.,Merged SCP1184 with GSE157977 because reconciliation explicitly identifies SCP1184/GSE157977 as the same Jin 2020 lineage.,GSE157977: files_checksummed | SCP1184: manifest_only,
GSE186341,PANACEA DREAM public subset (GSE186341),experimental_lineage,chemical-tx,https://www.ncbi.nlm.nih.gov/geo/query/acc.cgi?acc=GSE186341,chemical-tx_panacea,,,,perturbation_response_transcriptomics,human (11 cancer cell lines),whole-transcriptome RNA-seq,"32 kinase inhibitors at line-specific 48h-IC20 doses, 24h",materialized_fleet_evidence,as-recorded; no unified rights conclusion,Copied from master-registry.csv; no additional adjudication in this report.,No explicit cross-source overlap decision recorded in supplied reconciliation.,chemical-tx_panacea: files_checksummed,
GSE190604,Schmidt et al. 2022 primary T-cell CRISPRa Perturb-seq,experimental_lineage,sc-genetic,https://www.ncbi.nlm.nih.gov/geo/query/acc.cgi?acc=GSE190604,GSE190604,,,,measurement,Human primary T cells,Perturb-seq (CRISPRa),CRISPRa cytokine-regulator perturbations,materialized_fleet_evidence,as-recorded; no unified rights conclusion,Copied from master-registry.csv; no additional adjudication in this report.,No explicit cross-source overlap decision recorded in supplied reconciliation.,GSE190604: files_checksummed,
GSE193460,Dhainaut et al. 2022 Perturb-map,experimental_lineage,sc-genetic,https://www.ncbi.nlm.nih.gov/geo/query/acc.cgi?acc=GSE193460,GSE193460,,,,measurement,Mouse lung tumor + human cells,Perturb-map,"CRISPR KO, 35 genes/Pro-Code",materialized_fleet_evidence,as-recorded; no unified rights conclusion,Copied from master-registry.csv; no additional adjudication in this report.,No explicit cross-source overlap decision recorded in supplied reconciliation.,GSE193460: files_checksummed,
GSE213957,Wessels et al. 2023 CaRPool-seq combinatorial,experimental_lineage,sc-genetic,https://www.ncbi.nlm.nih.gov/geo/query/acc.cgi?acc=GSE213957,GSE213957,,,,measurement,"Human (THP-1, HEK293FT)",CaRPool-seq/Perturb-seq,CRISPR Cas13d 28 singles + 158 pairs,materialized_fleet_evidence,as-recorded; no unified rights conclusion,Copied from master-registry.csv; no additional adjudication in this report.,No explicit cross-source overlap decision recorded in supplied reconciliation.,GSE213957: files_checksummed,
GSE216481,Joung et al. 2023 TF atlas of directed differentiation,experimental_lineage,sc-genetic,https://www.ncbi.nlm.nih.gov/geo/query/acc.cgi?acc=GSE216481,GSE216481,,,,measurement,Human hESC,Perturb-seq (ORF),"ORF gain-of-function, 3,266 TF isoforms",materialized_fleet_evidence,as-recorded; no unified rights conclusion,Copied from master-registry.csv; no additional adjudication in this report.,No explicit cross-source overlap decision recorded in supplied reconciliation.,GSE216481: files_checksummed,
GSE218566,Cao et al. 2023 PerturbSci-Kinetics,experimental_lineage,sc-genetic,https://www.ncbi.nlm.nih.gov/geo/query/acc.cgi?acc=GSE218566,GSE218566,,,,measurement,Human,Perturb-seq (kinetics),"CRISPRi, 228 genes/699 sgRNAs",materialized_fleet_evidence,as-recorded; no unified rights conclusion,Copied from master-registry.csv; no additional adjudication in this report.,No explicit cross-source overlap decision recorded in supplied reconciliation.,GSE218566: files_checksummed,
GSE221321,Perturb-FISH,experimental_lineage,sc-genetic,https://www.ncbi.nlm.nih.gov/geo/query/acc.cgi?acc=GSE221321 | https://download.brainimagelibrary.org/0c/bd/0cbd479c521afff9/,GSE221321; PERTURB-FISH-BINAN-2025,,,,measurement,"Human (THP-1, hIPSC astrocytes, xenografts)",Perturb-FISH (spatial imaging); Perturb-FISH (MERFISH + CRISPR),"CRISPR KO imaging screen; CRISPR KO: astrocytes 127 ASD targets/485-gene panel; THP1 35 genes/74 guides (claimed, unverified)",materialized_fleet_evidence,terms-gated,Copied from master-registry.csv; no additional adjudication in this report.,No explicit cross-source overlap decision recorded in supplied reconciliation.,GSE221321: files_checksummed | PERTURB-FISH-BINAN-2025: files_checksummed,
GSE264667,Nadig et al. 2024/2025 HepG2/Jurkat essential atlases,experimental_lineage,sc-genetic,https://www.ncbi.nlm.nih.gov/geo/query/acc.cgi?acc=GSE264667 | https://singlecell.broadinstitute.org/single_cell/study/SCP2554 | https://doi.org/10.6084/m9.figshare.29498366,GSE264667; SCP2554; NADIG-FIGSHARE-29498366,,SCP2554/GSE264667 | population-hepg2,Prepared views and technical resamples listed in aliases are representations only; they do not add a canonical lineage.,measurement,"Human (HepG2, Jurkat); Human (HepG2, Jurkat, K562, RPE1)",Perturb-seq; Perturb-seq pseudobulk DE,CRISPRi essentialome; CRISPRi essentialome pseudobulk,materialized_fleet_evidence,as-recorded; no unified rights conclusion,Copied from master-registry.csv; no additional adjudication in this report.,Merged SCP2554 with GSE264667 because reconciliation explicitly identifies SCP2554/GSE264667 as the same Nadig lineage.,GSE264667: files_checksummed | SCP2554: manifest_only | NADIG-FIGSHARE-29498366: manifest_only,
GSE277747,MultiPerturb-seq,experimental_lineage,sc-genetic,https://www.ncbi.nlm.nih.gov/geo/query/acc.cgi?acc=GSE277747,GSE277747,,,,measurement,Human BT16 + mouse NIH3T3,Multiome Perturb-seq,CRISPR epigenomic remodeler screen,materialized_fleet_evidence,as-recorded; no unified rights conclusion,Copied from master-registry.csv; no additional adjudication in this report.,No explicit cross-source overlap decision recorded in supplied reconciliation.,GSE277747: files_checksummed,
GSE288996,CAT-ATAC,experimental_lineage,sc-genetic,https://www.ncbi.nlm.nih.gov/geo/query/acc.cgi?acc=GSE288996,GSE288996,,,,measurement,"Human (K562, iPSC)",Perturb-sci-ATAC (CAT-ATAC),CRISPRi/CRISPRko + ATAC,materialized_fleet_evidence,as-recorded; no unified rights conclusion,Copied from master-registry.csv; no additional adjudication in this report.,No explicit cross-source overlap decision recorded in supplied reconciliation.,GSE288996: files_checksummed,
GSE314342,Primary CD4 T-cell genome-scale Perturb-seq atlas,experimental_lineage,sc-genetic,https://www.ncbi.nlm.nih.gov/geo/query/acc.cgi?acc=GSE314342,GSE314342,,,,measurement,Human primary CD4 T cells (4 donors x rest/8h/48h),Perturb-seq,"CRISPRi genome-scale (12,779 genes claimed; unverified here)",materialized_fleet_evidence,as-recorded; no unified rights conclusion,Copied from master-registry.csv; no additional adjudication in this report.,No explicit cross-source overlap decision recorded in supplied reconciliation.,GSE314342: files_checksummed,
GSE90063,Dixit et al. 2016 Perturb-seq,experimental_lineage,sc-genetic,https://www.ncbi.nlm.nih.gov/geo/query/acc.cgi?acc=GSE90063,GSE90063,,,,measurement,Human K562; mouse BMDC,Perturb-seq,CRISPRi loss-of-function,materialized_fleet_evidence,as-recorded; no unified rights conclusion,Copied from master-registry.csv; no additional adjudication in this report.,No explicit cross-source overlap decision recorded in supplied reconciliation.,GSE90063: files_checksummed,
GSE90546,Adamson et al. 2016 UPR Perturb-seq,experimental_lineage,sc-genetic,https://www.ncbi.nlm.nih.gov/geo/query/acc.cgi?acc=GSE90546,GSE90546,,,,measurement,Human (K562),Perturb-seq,CRISPRi loss-of-function,materialized_fleet_evidence,as-recorded; no unified rights conclusion,Copied from master-registry.csv; no additional adjudication in this report.,No explicit cross-source overlap decision recorded in supplied reconciliation.,GSE90546: files_checksummed,
idr0133,IDR0133 cellular-injury Cell Painting (study metadata),experimental_lineage,imaging,https://idr.openmicroscopy.org/study/idr0133/,idr0133,,,,measured,Homo sapiens (U-2 OS),Cell Painting (5-channel 16-bit),218 cytotoxic/nuisance compounds in concentration-response plus 283 compounds retested once,metadata_or_manifest_only,as-recorded; no unified rights conclusion,Copied from master-registry.csv; no additional adjudication in this report.,No explicit cross-source overlap decision recorded in supplied reconciliation.,idr0133: manifest_only,
igvf-hpsc-perturbseq,IGVF differentiating hPSC Perturb-seq analysis sets,experimental_lineage,sc-genetic,https://data.igvf.org/,IGVF-hPSC-PERTURBSEQ,,,,measurement,Human (hPSC lines),Perturb-seq,Genetic perturbations during cardiomyocyte/neural differentiation,blocked_acquisition,terms-gated,Copied from master-registry.csv; no additional adjudication in this report.,No explicit cross-source overlap decision recorded in supplied reconciliation.,IGVF-hPSC-PERTURBSEQ: unresolved,
in4mer-2024,in4mer 2024 Cas12a multiplex knockout supplements,experimental_lineage,fitness-sl,slp/raw/in4mer-2024/,slp_raw_in4mer_2024,in4mer-2024-44435633; in4mer-2024-44435630; in4mer-2024-44435636; in4mer-2024-44435645; in4mer-2024-44435651; in4mer-2024-44435639; in4mer-2024-44435648; in4mer-2024-44435654; in4mer-2024-44435657; in4mer-2024-44435660; in4mer-2024-44435672; in4mer-2024-44435663; in4mer-2024-44435666; in4mer-2024-44436191; in4mer-2024-44436203,in4mer-2024; in4mer-original | in4mer-original,Prepared views and technical resamples listed in aliases are representations only; they do not add a canonical lineage.,direct_pair_GI,not stated in supplied reconciliation,paralog SL screens,Cas12a multiplex knockout,materialized_or_censused_SLP_raw,open-attribution (per reconciliation),Reconciliation states CC BY 4.0.,New raw experimental lineage; in4mer-original is a prepared view.,"slp_raw_in4mer_2024: Bucket census metadata: 15 supplement files, 46 MB.",
KnockTF DataSet_ID (maps to GEO/ArrayExpress accessions),KnockTF 2.0 main tables + GMT signatures,experimental_lineage,bulk-atlases,https://www.licpathway.net/KnockTFv2/download.php,bulk-atlases-knocktf2,,,,processed differential-expression tables + signature gene sets,"human, mouse, Arabidopsis thaliana, Zea mays",RNA-seq and microarray,TF/cofactor knockdown and knockout,materialized_fleet_evidence,as-recorded; no unified rights conclusion,Copied from master-registry.csv; no additional adjudication in this report.,No explicit cross-source overlap decision recorded in supplied reconciliation.,bulk-atlases-knocktf2: files_checksummed,
mendeley:rdzk59n6j4,Horlbeck 2018 human CRISPRi GI map,experimental_lineage,fitness-sl,https://data.mendeley.com/datasets/rdzk59n6j4/1,FSL02,horlbeck-2018-gi-extended-data-figures-pdf; horlbeck-2018-gi-gi-correlations-html; horlbeck-2018-gi-gi-map-treeview-zip; horlbeck-2018-gi-gi-scores-html; horlbeck-2018-gi-jurkat-zip; horlbeck-2018-gi-k562-zip; horlbeck-2018-gi-cluster-annotations-jurkat-txt; horlbeck-2018-gi-cluster-annotations-k562-txt; horlbeck-2018-gi-cluster-annotations-combined-map-txt; horlbeck-2018-gi-clustering-network-zip; horlbeck-2018-gi-single-vs-double-phenotypes-k562-html,,,direct_pair_GI,Homo sapiens,CRISPRi double perturbation (paired guides),CRISPRi gene pairs,materialized_fleet_evidence,as-recorded; no unified rights conclusion,Copied from master-registry.csv; no additional adjudication in this report.,No explicit cross-source overlap decision recorded in supplied reconciliation.,FSL02: files_checksummed,
MSV000089282,DeepCoverMOA / Proteome-Wide Atlas of Drug MoA (MassIVE MSV000089282),experimental_lineage,proteomics-metab,https://massive.ucsd.edu/ProteoSAFe/dataset.jsp?accession=MSV000089282,MSV000089282,,,,measured mass-spectrometry proteomics (drug MoA),Homo sapiens (cell lines per DeepCoverMOA),TMT LC-MS/MS whole-proteome,875 drugs/tool compounds,metadata_or_manifest_only,as-recorded; no unified rights conclusion,Copied from master-registry.csv; no additional adjudication in this report.,No explicit cross-source overlap decision recorded in supplied reconciliation.,MSV000089282: files_checksummed,
MSV000093659,decryptE (MassIVE MSV000093659; PRIDE accession PXD047799 not in PRIDE DB),experimental_lineage,proteomics-metab,https://massive.ucsd.edu/ProteoSAFe/dataset.jsp?task=70cd42693c7f4d4da2cf466a0832e87d,MSV000093659,,,,measured mass-spectrometry proteomics (drug dose response),Homo sapiens,LC-MS/MS whole-proteome expression,144 clinical/research drugs,metadata_or_manifest_only,as-recorded; no unified rights conclusion,Copied from master-registry.csv; no additional adjudication in this report.,No explicit cross-source overlap decision recorded in supplied reconciliation.,MSV000093659: files_checksummed,
nci-almanac-nov2017,NCI-ALMANAC,experimental_lineage,fitness-sl,https://wiki.nci.nih.gov/display/NCIDTPdata/NCI-ALMANAC,FSL07,,,,drug_combination,Homo sapiens (NCI-60 panel),two-drug combo growth inhibition,FDA-approved drug pairs,materialized_fleet_evidence,as-recorded; no unified rights conclusion,Copied from master-registry.csv; no additional adjudication in this report.,No explicit cross-source overlap decision recorded in supplied reconciliation.,FSL07: files_checksummed,Round1 unpinned manifest retains NCI-ALMANAC ComboDrugGrowth_Nov2017.zip as unresolved; it has no source URL/checksum pin in the live manifest.
open_tggates,Open TG-GATEs (LATEST),experimental_lineage,chemical-tx,https://dbarchive.biosciencedbc.jp/data/open-tggates/LATEST/,chemical-tx_open_tggates,tggates-2012-open-tggates-allattribute-zip; tggates-2012-open-tggates-main-zip,,,toxicogenomics_dose_timecourse,rat (liver/kidney in vivo) and rat/human hepatocytes in vitro,Affymetrix expression + clinical chemistry + histopathology,"170 mostly drug/toxicant compounds, up to 4 dose levels, multiple time points",materialized_fleet_evidence,as-recorded; no unified rights conclusion,Copied from master-registry.csv; no additional adjudication in this report.,No explicit cross-source overlap decision recorded in supplied reconciliation.,chemical-tx_open_tggates: files_checksummed,"The unpinned cel_file_attribute.zip is a publisher 404 response, not data, and is excluded from the live manifest; two other TG-GATEs objects remain pinned."
parse10m_pbmc_90cytokines,Parse Biosciences 10M human PBMC dataset page (data routes identified),experimental_lineage,biologic-cytokine,https://www.parsebiosciences.com/datasets/10-million-human-pbmcs-in-a-single-experiment/ | https://parse-wget.s3.us-west-2.amazonaws.com/10m/10M_PBMC_12donor_90cytokines_h5ad_20260203.zip | https://parse-wget.s3.us-west-2.amazonaws.com/10m/pseudobulks_20260203.zip | https://parse-wget.s3.us-west-2.amazonaws.com/10m/DEGs_20260203.csv | https://apps.allenimmunology.org/aifi/resources/parse-10m-cytokines/downloads/ | https://allenimmunology.org/public/publication/download/fab3f091-63cd-46d3-85fd-a4d5204af649/filesets/87ce4a04-98f1-43b3-aea3-1fdc95272fea/parse_cytokine_deg_censored.csv | https://allenimmunology.org/public/publication/download/fab3f091-63cd-46d3-85fd-a4d5204af649/filesets/87ce4a04-98f1-43b3-aea3-1fdc95272fea/parse_cytokine_deg_uncensored.csv | https://doi.org/10.1136/jitc-2025-sitc2025.0941,parse10m_dataset_page; parse10m_full_h5ad; parse10m_pseudobulks; parse10m_degs; allen_aifi_parse10m_deg_gsea; parse10m_deg_censored; parse10m_deg_uncensored; sitc2025_abstract_941_metadata; parse_pseudobulks_capexception,,parse-10m-cytokines | parse-10m-cytokines pseudobulk aggregates (technical resample/aggregate),Prepared views and technical resamples listed in aliases are representations only; they do not add a canonical lineage.,metadata | derived_response_tables | measured single-cell RNA aggregated to pseudobulk,Homo sapiens,"scRNA-seq (Parse Evercode WT GigaLab); scRNA-seq reanalysis; scRNA-seq; single-cell RNA-seq (Parse), pseudobulk aggregates","90 cytokines, 24 h, 12 donors; 90 cytokines + PBS control, 24h",materialized_fleet_evidence,terms-gated,Copied from master-registry.csv; no additional adjudication in this report.,"Merged parse-10m-cytokines pseudobulks with Parse10M source; it is an aggregate/resample representation, not a new experiment.",parse10m_dataset_page: manifest_only | parse10m_full_h5ad: unresolved | parse10m_pseudobulks: unresolved | parse10m_degs: unresolved | allen_aifi_parse10m_deg_gsea: files_checksummed | parse10m_deg_censored: unresolved | parse10m_deg_uncensored: unresolved | sitc2025_abstract_941_metadata: manifest_only | parse_pseudobulks_capexception: files_checksummed,
Pertorgid / Pertg accessions (source GEO/ArrayExpress in csv),PertOrg 1.0 perturbation datasets and DEG lists,experimental_lineage,bulk-atlases,https://www.inbirg.com/pertorg/download,bulk-atlases-pertorg,,,,dataset manifest + differential-expression gene lists,multi-organism (mouse shown in sample rows),bulk RNA-seq and microarray,in vivo genetic perturbation (knockdown/knockout/overexpression/mutation),materialized_fleet_evidence,as-recorded; no unified rights conclusion,Copied from master-registry.csv; no additional adjudication in this report.,No explicit cross-source overlap decision recorded in supplied reconciliation.,bulk-atlases-pertorg: files_checksummed,
PRJNA1108254,Southard/Kaden et al. CRISPRa TF atlas (RPE1-CRISPRa-TFs),experimental_lineage,sc-genetic,https://doi.org/10.5281/zenodo.15213618 | https://www.ebi.ac.uk/ena/browser/view/PRJNA1108254,ZENODO-15213618; PRJNA1108254,,,,measurement,"Human (RPE1, primary fibroblasts); Human (RPE1, fibroblasts)",Perturb-seq (CRISPRa),"CRISPRa, 1,836 TFs / 10,979 guides claimed (unverified here); CRISPRa, 1,836 TFs",materialized_fleet_evidence,research-only/noncommercial,Copied from master-registry.csv; no additional adjudication in this report.,No explicit cross-source overlap decision recorded in supplied reconciliation.,ZENODO-15213618: manifest_only | PRJNA1108254: files_checksummed,
PRJNA1128171,Multiome Perturb-seq (Metzner/Southard) SRA metadata,experimental_lineage,sc-genetic,https://www.ebi.ac.uk/ena/browser/view/PRJNA1128171,PRJNA1128171,,,,measurement,Human (RPE1),Multiome Perturb-seq (RNA+ATAC),"CRISPRi, 13 chromatin remodelers",materialized_fleet_evidence,as-recorded; no unified rights conclusion,Copied from master-registry.csv; no additional adjudication in this report.,No explicit cross-source overlap decision recorded in supplied reconciliation.,PRJNA1128171: files_checksummed,
PRJNA1169554,MultiPerturb-seq (Pierce et al.) SRA metadata,experimental_lineage,sc-genetic,https://www.ebi.ac.uk/ena/browser/view/PRJNA1169554,PRJNA1169554,,,,measurement,Human BT16 + mouse NIH3T3,Multiome Perturb-seq,Epigenomic remodeler screen,materialized_fleet_evidence,as-recorded; no unified rights conclusion,Copied from master-registry.csv; no additional adjudication in this report.,No explicit cross-source overlap decision recorded in supplied reconciliation.,PRJNA1169554: files_checksummed,
PRJNA1173491,KOLF2.1J Perturbation Cell Atlas (hiPSC CRISPRi genome-scale),experimental_lineage,sc-genetic,https://doi.org/10.25452/figshare.plus.27261219,KOLF2.1J-ATLAS,,,,measurement,Human (KOLF2.1J hiPSC),Perturb-seq (CRISPRi),"CRISPRi genome-scale, 11,739 targeted genes",blocked_acquisition,as-recorded; no unified rights conclusion,Copied from master-registry.csv; no additional adjudication in this report.,No explicit cross-source overlap decision recorded in supplied reconciliation.,KOLF2.1J-ATLAS: manifest_only,
PRJNA831566,Replogle et al. 2022 genome-scale Perturb-seq (GWPS/essential),experimental_lineage,sc-genetic,https://doi.org/10.25452/figshare.plus.20029387,GWPS-REPLOGLE-2022,,population-gwps; response-gwps; population-k562; response-k562; population-rpe1; response-rpe1,Prepared views and technical resamples listed in aliases are representations only; they do not add a canonical lineage.,measurement,"Human (K562, RPE1)",Perturb-seq (CRISPRi),"CRISPRi genome-wide (9,866 genes K562) plus essential subset (RPE1)",materialized_fleet_evidence,as-recorded; no unified rights conclusion,Copied from master-registry.csv; no additional adjudication in this report.,No explicit cross-source overlap decision recorded in supplied reconciliation.,GWPS-REPLOGLE-2022: files_checksummed,
PXD018569,PRIDE PXD018569 (lung_proteome_map),experimental_lineage,proteomics-metab,https://www.ebi.ac.uk/pride/archive/projects/PXD018569,PXD018569,,,,measured mass-spectrometry proteomics (perturbation dose/time response),Homo sapiens,LC-MS/MS proteomics/phosphoproteomics,50+ drugs in lung cancer lines (subset of 6-accession study),metadata_or_manifest_only,as-recorded; no unified rights conclusion,Copied from master-registry.csv; no additional adjudication in this report.,No explicit cross-source overlap decision recorded in supplied reconciliation.,PXD018569: manifest_only,
PXD018570,PRIDE PXD018570 (lung_proteome_map),experimental_lineage,proteomics-metab,https://www.ebi.ac.uk/pride/archive/projects/PXD018570,PXD018570,,,,measured mass-spectrometry proteomics (perturbation dose/time response),Homo sapiens,LC-MS/MS proteomics/phosphoproteomics,50+ drugs in lung cancer lines (subset of 6-accession study),metadata_or_manifest_only,as-recorded; no unified rights conclusion,Copied from master-registry.csv; no additional adjudication in this report.,No explicit cross-source overlap decision recorded in supplied reconciliation.,PXD018570: manifest_only,
PXD018571,PRIDE PXD018571 (lung_proteome_map),experimental_lineage,proteomics-metab,https://www.ebi.ac.uk/pride/archive/projects/PXD018571,PXD018571,,,,measured mass-spectrometry proteomics (perturbation dose/time response),Homo sapiens,LC-MS/MS proteomics/phosphoproteomics,50+ drugs in lung cancer lines (subset of 6-accession study),metadata_or_manifest_only,as-recorded; no unified rights conclusion,Copied from master-registry.csv; no additional adjudication in this report.,No explicit cross-source overlap decision recorded in supplied reconciliation.,PXD018571: manifest_only,
PXD018572,PRIDE PXD018572 (lung_proteome_map),experimental_lineage,proteomics-metab,https://www.ebi.ac.uk/pride/archive/projects/PXD018572,PXD018572,,,,measured mass-spectrometry proteomics (perturbation dose/time response),Homo sapiens,LC-MS/MS proteomics/phosphoproteomics,50+ drugs in lung cancer lines (subset of 6-accession study),metadata_or_manifest_only,as-recorded; no unified rights conclusion,Copied from master-registry.csv; no additional adjudication in this report.,No explicit cross-source overlap decision recorded in supplied reconciliation.,PXD018572: manifest_only,
PXD018573,PRIDE PXD018573 (lung_proteome_map),experimental_lineage,proteomics-metab,https://www.ebi.ac.uk/pride/archive/projects/PXD018573,PXD018573,,,,measured mass-spectrometry proteomics (perturbation dose/time response),Homo sapiens,LC-MS/MS proteomics/phosphoproteomics,50+ drugs in lung cancer lines (subset of 6-accession study),metadata_or_manifest_only,as-recorded; no unified rights conclusion,Copied from master-registry.csv; no additional adjudication in this report.,No explicit cross-source overlap decision recorded in supplied reconciliation.,PXD018573: manifest_only,
PXD018574,PRIDE PXD018574 (lung_proteome_map),experimental_lineage,proteomics-metab,https://www.ebi.ac.uk/pride/archive/projects/PXD018574,PXD018574,,,,measured mass-spectrometry proteomics (perturbation dose/time response),Homo sapiens,LC-MS/MS proteomics/phosphoproteomics,50+ drugs in lung cancer lines (subset of 6-accession study),materialized_fleet_evidence,as-recorded; no unified rights conclusion,Copied from master-registry.csv; no additional adjudication in this report.,No explicit cross-source overlap decision recorded in supplied reconciliation.,PXD018574: files_checksummed,
PXD048479,PRIDE PXD048479 (braf_adaptation_pxd048479),experimental_lineage,proteomics-metab,https://www.ebi.ac.uk/pride/archive/projects/PXD048479,PXD048479,,,,measured mass-spectrometry proteomics (perturbation dose/time response),Homo sapiens,LC-MS/MS proteomics/phosphoproteomics,vemurafenib time course,materialized_fleet_evidence,as-recorded; no unified rights conclusion,Copied from master-registry.csv; no additional adjudication in this report.,No explicit cross-source overlap decision recorded in supplied reconciliation.,PXD048479: files_checksummed,
PXD056666,PRIDE PXD056666 (egf_deep_pxd056666),experimental_lineage,proteomics-metab,https://www.ebi.ac.uk/pride/archive/projects/PXD056666,PXD056666,,,,measured mass-spectrometry proteomics (perturbation dose/time response),Homo sapiens,LC-MS/MS proteomics/phosphoproteomics,EGF ligand time course,materialized_fleet_evidence,as-recorded; no unified rights conclusion,Copied from master-registry.csv; no additional adjudication in this report.,No explicit cross-source overlap decision recorded in supplied reconciliation.,PXD056666: files_checksummed,
rxrx1,RXRX1 (README/metadata + license record),experimental_lineage,imaging,https://www.rxrx.ai/rxrx1,rxrx1,,,,measured,"Homo sapiens (four cell types, 51 batches)",6-channel fluorescence microscopy (5-channel for RxRx19a),"1,108 siRNA knockdowns, genetic only",blocked_acquisition,research-only/noncommercial,Copied from master-registry.csv; no additional adjudication in this report.,No explicit cross-source overlap decision recorded in supplied reconciliation.,rxrx1: manifest_only,
rxrx19a,RXRX19A (README/metadata + license record),experimental_lineage,imaging,https://www.rxrx.ai/rxrx19a,rxrx19a,,,,measured,Homo sapiens (HRCE) and Vero (infection context),6-channel fluorescence microscopy (5-channel for RxRx19a),"1,672 compounds at 6+ concentrations plus SARS-CoV-2 conditions",blocked_acquisition,as-recorded; no unified rights conclusion,Copied from master-registry.csv; no additional adjudication in this report.,No explicit cross-source overlap decision recorded in supplied reconciliation.,rxrx19a: manifest_only,
rxrx19b,RXRX19B (README/metadata + license record),experimental_lineage,imaging,https://www.rxrx.ai/rxrx19b,rxrx19b,,,,measured,Homo sapiens (HUVEC),6-channel fluorescence microscopy (5-channel for RxRx19a),"1,856 drugs/tool compounds in cytokine-storm conditions",blocked_acquisition,as-recorded; no unified rights conclusion,Copied from master-registry.csv; no additional adjudication in this report.,No explicit cross-source overlap decision recorded in supplied reconciliation.,rxrx19b: manifest_only,
rxrx2,RxRx2-related soluble-factor metadata,experimental_lineage,biologic-cytokine; imaging,https://www.rxrx.ai/rxrx2,rxrx2_soluble_factor; rxrx2,,,,metadata | measured,Homo sapiens; Homo sapiens (primary HUVEC),Cell Painting; 6-channel fluorescence microscopy (5-channel for RxRx19a),small molecules (not biologic cytokines); 434 soluble immune factors at 6 concentrations,metadata_or_manifest_only,research-only/noncommercial,Copied from master-registry.csv; no additional adjudication in this report.,No explicit cross-source overlap decision recorded in supplied reconciliation.,rxrx2_soluble_factor: unresolved | rxrx2: manifest_only,
rxrx3,RXRX3 (README/metadata + license record),experimental_lineage,imaging,https://www.rxrx.ai/rxrx3,rxrx3,,,,measured,Homo sapiens (HUVEC),6-channel fluorescence microscopy (5-channel for RxRx19a),"17,063 CRISPR knockouts plus 1,674 compounds at 8 concentrations",blocked_acquisition,research-only/noncommercial,Copied from master-registry.csv; no additional adjudication in this report.,No explicit cross-source overlap decision recorded in supplied reconciliation.,rxrx3: manifest_only,
S-BSST1724,Human metabolic map of pharmacological perturbations (BioStudies S-BSST1724),experimental_lineage,proteomics-metab,https://www.ebi.ac.uk/biostudies/studies/S-BSST1724,S-BSST1724,metabolic-map-2024-nbt-ra62370a-z-nonpooledfoldchanges-xlsx,,,measured nontargeted metabolomics (drug perturbation fold-changes) plus live-cell confluence,Homo sapiens (A549),Nontargeted LC-MS metabolomics,"1,520 drugs main screen; 400-drug validation subset",materialized_fleet_evidence,as-recorded; no unified rights conclusion,Copied from master-registry.csv; no additional adjudication in this report.,No explicit cross-source overlap decision recorded in supplied reconciliation.,S-BSST1724: files_checksummed,
SCP1064/DUOS-000124,Frangieh et al. 2021 Perturb-CITE-seq melanoma,experimental_lineage,sc-genetic,https://singlecell.broadinstitute.org/single_cell/study/SCP1064,SCP1064,,,,measurement,"Human (melanoma, PBL)",Perturb-CITE-seq,"CRISPR KO, 248 genes/744 guides",blocked_acquisition,as-recorded; no unified rights conclusion,Copied from master-registry.csv; no additional adjudication in this report.,No explicit cross-source overlap decision recorded in supplied reconciliation.,SCP1064: manifest_only,
spidr-2025,SPIDR 2025 DDR combinatorial screen scores,experimental_lineage,fitness-sl,slp/raw/spidr-2025/,slp_raw_spidr_2025,spidr-2025-scores,spidr-2025; spidr-original | spidr-original,Prepared views and technical resamples listed in aliases are representations only; they do not add a canonical lineage.,direct_pair_GI,not stated in supplied reconciliation,"GEMINI scores, 548 DDR genes",combinatorial genetic screen,materialized_or_censused_SLP_raw,open-attribution (per reconciliation),Reconciliation states Springer supplementary files are CC BY 4.0.,New raw experimental lineage; spidr-original is a prepared view.,slp_raw_spidr_2025: Bucket census metadata: 4.2 MB scores.csv.,
SRP accessions,recount3 human SRA project-level metadata + example study,experimental_lineage,bulk-atlases,https://duffel.rail.bio/recount3/human/data_sources/sra/metadata/sra.recount_project.MD.gz,bulk-atlases-recount3,,,,project/sample metadata tables,human,RNA-seq (recount3 uniform processing),perturbation subset must be identified from SRA study metadata,materialized_fleet_evidence,as-recorded; no unified rights conclusion,Copied from master-registry.csv; no additional adjudication in this report.,No explicit cross-source overlap decision recorded in supplied reconciliation.,bulk-atlases-recount3: files_checksummed,
synapse:LINCS_MCF10A,LINCS MCF10A microenvironment article supplementary tables (Nature Communications Biology 2022),experimental_lineage,biologic-cytokine,https://www.nature.com/articles/s42003-022-03975-9 | https://www.synapse.org/LINCS_MCF10A,lincs_mcf10a_supplements; lincs_mcf10a_synapse,mcf10a-lincs-2022-42003-2022-3975-moesm10-esm-xlsx; mcf10a-lincs-2022-42003-2022-3975-moesm11-esm-xlsx; mcf10a-lincs-2022-42003-2022-3975-moesm12-esm-xlsx; mcf10a-lincs-2022-42003-2022-3975-moesm13-esm-xlsx; mcf10a-lincs-2022-42003-2022-3975-moesm14-esm-xlsx; mcf10a-lincs-2022-42003-2022-3975-moesm15-esm-xlsx; mcf10a-lincs-2022-42003-2022-3975-moesm16-esm-xlsx; mcf10a-lincs-2022-42003-2022-3975-moesm17-esm-xlsx; mcf10a-lincs-2022-42003-2022-3975-moesm18-esm-xlsx; mcf10a-lincs-2022-42003-2022-3975-moesm19-esm-xlsx; mcf10a-lincs-2022-42003-2022-3975-moesm1-esm-pdf; mcf10a-lincs-2022-42003-2022-3975-moesm20-esm-xlsx; mcf10a-lincs-2022-42003-2022-3975-moesm21-esm-xlsx; mcf10a-lincs-2022-42003-2022-3975-moesm22-esm-xlsx; mcf10a-lincs-2022-42003-2022-3975-moesm23-esm-xlsx; mcf10a-lincs-2022-42003-2022-3975-moesm24-esm-xlsx; mcf10a-lincs-2022-42003-2022-3975-moesm25-esm-xlsx; mcf10a-lincs-2022-42003-2022-3975-moesm26-esm-xlsx; mcf10a-lincs-2022-42003-2022-3975-moesm2-esm-pdf; mcf10a-lincs-2022-42003-2022-3975-moesm3-esm-xlsx; mcf10a-lincs-2022-42003-2022-3975-moesm4-esm-xlsx; mcf10a-lincs-2022-42003-2022-3975-moesm5-esm-xlsx; mcf10a-lincs-2022-42003-2022-3975-moesm6-esm-xlsx; mcf10a-lincs-2022-42003-2022-3975-moesm7-esm-xlsx; mcf10a-lincs-2022-42003-2022-3975-moesm8-esm-xlsx; mcf10a-lincs-2022-42003-2022-3975-moesm9-esm-xlsx,population-mcf10a-d0; population-mcf10a-d6; population-mcf10a-tgfb1-d6,Prepared views and technical resamples listed in aliases are representations only; they do not add a canonical lineage.,author_derived_experimental_summary | multi_assay_profiles,Homo sapiens,"multi-omics time course (RNA-seq, L1000, RPPA, ATAC-seq, GCP, imaging, CyCIF); multi-omics time course","six ligands: EGF, HGF, OSM, IFNG, TGFB1, BMP2, 0-48 h; six ligands, 0-48 h",materialized_fleet_evidence,terms-gated,Copied from master-registry.csv; no additional adjudication in this report.,No explicit cross-source overlap decision recorded in supplied reconciliation.,lincs_mcf10a_supplements: files_checksummed | lincs_mcf10a_synapse: unresolved,
x-atlas-orion,X-Atlas/Orion genome-wide FiCS Perturb-seq (Xaira),experimental_lineage,sc-genetic,https://huggingface.co/datasets/Xaira-Therapeutics/X-Atlas-Orion,X-ATLAS-ORION,,,,measurement,"Human (HCT116, HEK293T)",Perturb-seq (FiCS CRISPRi),"CRISPRi genome-wide, 18,903 genes",materialized_fleet_evidence,research-only/noncommercial,Copied from master-registry.csv; no additional adjudication in this report.,No explicit cross-source overlap decision recorded in supplied reconciliation.,X-ATLAS-ORION: files_checksummed,
zenodo:18449193,DrugComb v1.4,experimental_lineage,fitness-sl,https://zenodo.org/records/18449193,FSL05,drugcomb-v1-4-drugcomb-data-v1-4-csv; drugcomb-v1-4-drugcomb-cell-line-identifiers-xlsx; drugcomb-v1-4-drugcomb-drug-identifiers-xlsx,,,drug_combination,Homo sapiens,two-drug dose-response viability,drug combinations,materialized_fleet_evidence,as-recorded; no unified rights conclusion,Copied from master-registry.csv; no additional adjudication in this report.,No explicit cross-source overlap decision recorded in supplied reconciliation.,FSL05: files_checksummed,
zenodo:4843919,drugcomb_oct2019_withdoses (2021-uploaded freeze),experimental_lineage,fitness-sl,https://zenodo.org/records/4843919,FSL06,,,,drug_combination,Homo sapiens,two-drug dose-response viability,drug combinations,blocked_acquisition,as-recorded; no unified rights conclusion,Copied from master-registry.csv; no additional adjudication in this report.,No explicit cross-source overlap decision recorded in supplied reconciliation.,FSL06: unresolved,
slkb-2023,SLKB 2023 SQL dumps,source_database,fitness-sl,Figshare 22902839; slp/raw/slkb-2023/,slp_raw_slkb_2023,slkb-2023-41055392,slkb-2023; slkb-original | slkb-original,Prepared views and technical resamples listed in aliases are representations only; they do not add a canonical lineage.,database_assertion; not a single experimental lineage,not stated in supplied reconciliation,synthetic-lethality knowledge-base dump,database aggregation,materialized_or_censused_SLP_raw,GPL-separate,Reconciliation states SLKB data and pipeline are GPL v3.0 / GPL 3.0+.,"New source/database lineage, segregated from non-GPL pools; slkb-original is a prepared view.",slp_raw_slkb_2023: Bucket census metadata: 241 MB SQL_Dumps.zip.,SLKB is a database/assertion source rather than a single experiment and must remain in its GPL-separated pool.
cellpainting-gallery,Cell Painting Gallery (S3 repository survey),source_lineage,imaging,https://registry.opendata.aws/cellpainting-gallery/,cellpainting_gallery,,,,measured,study-specific,"Cell Painting (TIFF images, profiles, metadata)","chemical, genetic and biological treatments (collection)",metadata_or_manifest_only,as-recorded; no unified rights conclusion,Copied from master-registry.csv; no additional adjudication in this report.,No explicit cross-source overlap decision recorded in supplied reconciliation.,cellpainting_gallery: manifest_only,
cptac_pancancer,CPTAC Pan-Cancer / Proteomic Data Commons,source_lineage,proteomics-metab,https://pdc.cancer.gov/pdc/cptac-pancancer,cptac_pancancer,,,,observational cohort proteomics (no perturbation assigned),Homo sapiens,LC-MS/MS proteomics/phosphoproteomics,none assigned,metadata_or_manifest_only,as-recorded; no unified rights conclusion,Copied from master-registry.csv; no additional adjudication in this report.,No explicit cross-source overlap decision recorded in supplied reconciliation.,cptac_pancancer: files_checksummed,
github:samsonfong/SCHEMATIC@master,SCHEMATIC,source_lineage,fitness-sl,https://github.com/samsonfong/SCHEMATIC,FSL14,,,,direct_pair_GI,Homo sapiens,CRISPR combinatorial,gene pairs,materialized_fleet_evidence,as-recorded; no unified rights conclusion,Copied from master-registry.csv; no additional adjudication in this report.,No explicit cross-source overlap decision recorded in supplied reconciliation.,FSL14: files_checksummed,
GSE202186,Cui 2023 Immune Dictionary pilot paper-extraction assets,source_lineage,biologic-cytokine,https://static-content.springer.com/esm/art%3A10.1038%2Fs41586-023-06816-9/MediaObjects/41586_2023_6816_MOESM5_ESM.xlsx | https://www.ncbi.nlm.nih.gov/geo/query/acc.cgi?acc=GSE202186 | https://ftp.ncbi.nlm.nih.gov/geo/series/GSE202nnn/GSE202186/suppl/GSE202186_RAW.tar | https://singlecell.broadinstitute.org/single_cell/study/SCP2554/single-cell-rna-seq-dictionary-of-in-vivo-immune-responses-to-cytokines,pilot_extraction_cui2023; geo_gse202186_metadata; geo_gse202186_cell_matrices; scp2554_broad_metadata,immune-dictionary-2023-immune-dictionary-supplementary-table-3-xlsx,,,author_derived_experimental_summary | metadata | raw_count_matrices,Mus musculus,in vivo scRNA-seq (10x 3' v3); scRNA-seq,"86 cytokines in vivo, 4 h endpoint, PBS control; 86 cytokines in vivo, 4 h, PBS control",materialized_fleet_evidence,terms-gated,Copied from master-registry.csv; no additional adjudication in this report.,No explicit cross-source overlap decision recorded in supplied reconciliation.,pilot_extraction_cui2023: files_checksummed | geo_gse202186_metadata: files_checksummed | geo_gse202186_cell_matrices: unresolved | scp2554_broad_metadata: manifest_only,
icsdb-2020-freeze,iCSDB,source_lineage,fitness-sl,https://icsdb.cnbi.net,FSL13,,,,single_gene_fitness,Homo sapiens,CRISPR knockout (harmonized),single-gene,blocked_acquisition,terms-gated,Copied from master-registry.csv; no additional adjudication in this report.,No explicit cross-source overlap decision recorded in supplied reconciliation.,FSL13: unresolved,
LINCS_L1000_program,Expanded CMap LINCS 2020 (L1000),source_lineage,chemical-tx,https://clue.io/data/project/5fb7d248c1f885001161d6c8 | https://www.ncbi.nlm.nih.gov/geo/query/acc.cgi?acc=GSE92742,chemical-tx_lincs_cmap_2020; chemical-tx_lincs_geo_phase12,lincs-l1000-phase1-gse92742-broad-lincs-level2-gex-delta-n49216x978-gctx-gz; lincs-l1000-phase1-gse92742-broad-lincs-cell-info-txt-gz; lincs-l1000-phase1-gse92742-broad-lincs-gene-info-txt-gz; lincs-l1000-phase1-gse92742-broad-lincs-gene-info-delta-landmark-txt-gz; lincs-l1000-phase1-gse92742-broad-lincs-inst-info-txt-gz; lincs-l1000-phase1-gse92742-broad-lincs-pert-info-txt-gz; lincs-l1000-phase1-gse92742-broad-lincs-pert-metrics-txt-gz; lincs-l1000-phase1-gse92742-broad-lincs-sig-info-txt-gz; lincs-l1000-phase1-gse92742-broad-lincs-sig-metrics-txt-gz; lincs-l1000-phase1-gse92742-sha512sums-txt-gz; lincs-l1000-phase2-gse70138-broad-lincs-level2-gex-n345976x978-2017-03-06-gctx-; lincs-l1000-phase2-gse70138-broad-lincs-cell-info-2017-04-28-txt-gz; lincs-l1000-phase2-gse70138-broad-lincs-gene-info-2017-03-06-txt-gz; lincs-l1000-phase2-gse70138-broad-lincs-inst-info-2017-03-06-txt-gz; lincs-l1000-phase2-gse70138-broad-lincs-pert-info-2017-03-06-txt-gz; lincs-l1000-phase2-gse70138-broad-lincs-sig-info-2017-03-06-txt-gz; lincs-l1000-phase2-gse70138-broad-lincs-sig-metrics-2017-03-06-txt-gz; lincs-l1000-phase2-gse70138-sha512sums-txt-gz,,,perturbation_response_transcriptomics,human,L1000,chemicals plus shRNA/CRISPR/ORF; chemicals plus genetic perturbations,materialized_fleet_evidence,as-recorded; no unified rights conclusion,Copied from master-registry.csv; no additional adjudication in this report.,No explicit cross-source overlap decision recorded in supplied reconciliation.,chemical-tx_lincs_cmap_2020: unresolved | chemical-tx_lincs_geo_phase12: files_checksummed,
metabolomics_workbench_rest_2026-09-18,Metabolomics Workbench / NMDR REST discovery,source_lineage,proteomics-metab,https://www.metabolomicsworkbench.org/rest/study/study_id/ST/summary,metabolomics_workbench,,,,"discovery metadata (mixed studies, mostly observational)",various,MS and NMR metabolomics,study-specific (479 keyword-matched candidate studies),metadata_or_manifest_only,research-only/noncommercial,Copied from master-registry.csv; no additional adjudication in this report.,No explicit cross-source overlap decision recorded in supplied reconciliation.,metabolomics_workbench: files_checksummed,
PerturbAtlas perturb_id / ENA study_accession,PerturbAtlas metadata API sample,source_lineage,bulk-atlases,https://perturbatlas.kratoss.site/api/meta,bulk-atlases-perturbatlas,,,,processed differential-expression + splicing tables (not fetched),multi-species (13 claimed),bulk RNA-seq DESeq2/rMATS,KO/KD/OE/knock-in/mutation,metadata_or_manifest_only,as-recorded; no unified rights conclusion,Copied from master-registry.csv; no additional adjudication in this report.,No explicit cross-source overlap decision recorded in supplied reconciliation.,bulk-atlases-perturbatlas: files_checksummed,
pickles-v3/v4,PICKLES,source_lineage,fitness-sl,https://pickles.hart-lab.org,FSL12,,,,single_gene_fitness,Homo sapiens,CRISPR knockout (pooled),single-gene,blocked_acquisition,terms-gated,Copied from master-registry.csv; no additional adjudication in this report.,No explicit cross-source overlap decision recorded in supplied reconciliation.,FSL12: unresolved,
proteomexchange_pride,ProteomeXchange / PRIDE Archive (repository policy row),source_lineage,proteomics-metab,https://www.ebi.ac.uk/pride/markdownpage/datapolicy,proteomexchange_pride,,,,repository metadata,various,mass-spectrometry proteomics,study-specific,metadata_or_manifest_only,terms-gated,Copied from master-registry.csv; no additional adjudication in this report.,No explicit cross-source overlap decision recorded in supplied reconciliation.,proteomexchange_pride: unresolved,
PXD037285,PRIDE PXD037285 (decryptm),source_lineage,proteomics-metab,https://www.ebi.ac.uk/pride/archive/projects/PXD037285 | https://www.proteomicsdb.org/decryptm,PXD037285; proteomicsdb_decryptm,decryptm-2022-10-kinase-inhibitors-curves-zip; decryptm-2022-uniprot-proteome-up000005640-03112020-fasta,,,measured mass-spectrometry proteomics (perturbation dose/time response) | measured mass-spectrometry proteomics (drug dose/time response),Homo sapiens,LC-MS/MS proteomics/phosphoproteomics; LC-MS/MS proteome/phospho-/ubiquityl-/acetyl-proteomics,"31 cancer drugs, dose/time resolved; 31 cancer drugs across six classes, dose- and time-resolved",materialized_fleet_evidence,terms-gated,Copied from master-registry.csv; no additional adjudication in this report.,No explicit cross-source overlap decision recorded in supplied reconciliation.,PXD037285: files_checksummed | proteomicsdb_decryptm: files_checksummed,
sanger-project-score-archive-2025-05-12,Sanger Project Score archive,source_lineage,fitness-sl,https://depmap.sanger.ac.uk/documentation/datasets/wg-crispr-knockout/,FSL11,,,,single_gene_fitness,Homo sapiens,CRISPR dropout,single-gene,materialized_fleet_evidence,terms-gated,Copied from master-registry.csv; no additional adjudication in this report.,No explicit cross-source overlap decision recorded in supplied reconciliation.,FSL11: files_checksummed,
synlethdb-2026-09-17,SynLethDB,source_lineage,fitness-sl,https://www.synlethdb.com/,FSL04,,,,database_assertion,Homo sapiens; Saccharomyces cerevisiae,"mixed curated evidence (CRISPR, GenomeRNAi, text mining, DB import)",curated gene pairs,materialized_fleet_evidence,research-only/noncommercial,Copied from master-registry.csv; no additional adjudication in this report.,No explicit cross-source overlap decision recorded in supplied reconciliation.,FSL04: files_checksummed,
cpg0003-rosetta (harmonized reprocessing of cpg0012/BBBC036/BBBC041/BBBC037/cpg0004 + L1000; not newly generated),Rosetta paired Cell Painting-L1000 cpg0003 (variable-selected CP profiles + L1000 treatment profiles),technical_resample,imaging,https://github.com/carpenter-singh-lab/2022_Haghighi_NatureMethods,rosetta_cpg0003,cellpainting-rosetta-cdrp-bbbc047-bray-cp; cellpainting-rosetta-cdrp-bbbc047-bray-l1k; cellpainting-rosetta-cdrpbio-bbbc036-bray-cp; cellpainting-rosetta-lincs-pilot1-cp; cellpainting-rosetta-luad-bbbc041-caicedo-cp; cellpainting-rosetta-luad-bbbc041-caicedo-l1k; cellpainting-rosetta-ta-orf-bbbc037-rohban-cp; cellpainting-rosetta-readme-md,,,measured,"Homo sapiens (U2OS, A549 by dataset)",Cell Painting plus L1000 (paired modalities),"28,000+ chemical and genetic perturbations across the five datasets",materialized_fleet_evidence,as-recorded; no unified rights conclusion,Copied from master-registry.csv; no additional adjudication in this report.,"Technical resample/harmonized reprocessing retained as a representation, not counted as a newly generated experimental lineage.",rosetta_cpg0003: files_checksummed | Verified correction: Rosetta README checksum was corrected after a basename-collision bug; builder now matches full path suffixes.,"The corrected checksum statement is a builder/provenance correction, not a new experimental lineage."
